text	label
这不是用手机拍的吧？	0
哈哈哈吃的津津有味呢！	0
小舌头好可爱啊	0
大自然才是真正的美学大师	0
转发微博	0
大自然才是天然水彩笔	0
这得是什么烂大学啊～	0
或许明年更差呢。。。	0
对很多人来说延毕一年就是多啃父母一年吧	0
这个不算卷！国货护肤品才叫真卷！协和的产品名，标婷的包装瓶！有懂的嘛…	0
这不就跟nba球队摆烂为了状元签一个道理吗 哈哈哈哈哈哈	0
作为孩子正在上小学的父母，哎，费劲巴拉的买学区房，报辅导班，现在也想明白了，出来不还是这样么。。。。	0
现在的大学生天天都研究些什么乱七八糟的	0
今年毕业的现在赶紧去占个工作岗位，最近这30年毕业的大学生大约1亿人现在都在工作呢，在校大学生人数还有4000多万，越等人越多，工作岗位就那几个。	0
要不犯个罪，稳定包吃住学技术走时还能发点钱	0
这截图我一小时能编10张	0
无奇不有	0
这个大学和学生都不靠谱，2022年就业行情不好，明年后年就能好起来嘛？想多了吧	0
摆烂也卷	0
明年可能更……	0
现在什么不卷啊？这是什么社会风气造成的？各行各业都在卷，时刻都在卷，各种形式的卷	0
明年：门卫、环卫、建筑工地都人满为患了	0
@-有话好好说-	0
不知道的还以为你们延毕一年也能参加文班亚马杯呢	0
额😓这也行啊？	0
挂四科还能参加毕业答辩，这也叫内卷……	0
@梁湘	0
都给孩子们逼成啥样了	0
让我们卷起来	0
闻所未闻	0
@祁宏啊	0
延毕干嘛，毕业了回家待一年备考不也行吗	0
无语😒	0
加油	0
这都什么人啊	0
鸟大了什么林子都有	0
这也太	0
这位同学低估了形势，哈哈哈	0
国家也穷 保不准今后公务员也是聘用制 ，在编也可以转合同制，也就一纸发文的事情	0
哈哈哈，真没法儿弄	0
对于这两年疫情来说这是个招，经济不景气，各个公司都裁员，甚至倒闭	0
兴许另一个人是真的不灵	0
本科也敢延毕，出来找工作等着被HR质疑和吊打吧	0
延毕一年，公考面试也没有优势的。何况考试不是你想考就能录取的。	0
都卷成这样了	0
当年我就一科开卷没及格 就延了	0
甲A末年输球进中超	0
段子	0
就业有指标	0
真的假的？	0
这怎么可能，一般的大学，如果挂科四门是没有学位证的，你爱怎么延毕怎么延毕，反正不给你学位证	0
你确定公务员考试要挂科延毕的学生吗？	0
这卷得太快，我有点儿跟不上节奏了~~~	0
我们学校挂7科直接退学	0
立刻扒了辅导员裤子，延毕成功	0
今年延了，明年就能上岸？卷傻了吧	0
挂科延毕，那不是更难找工作了吗？	0
侧面说明经济差就业难	0
这么懒，还考公务员	0
@我闫哉 ？	0
考公这个出路挺真实的，谁不想这辈子过的像大学一样无忧无虑……	0
确实太难了，据说三里屯太古里周末都没什么人了	0
不正常的现象会层出不穷的	0
之前听说政法大学有三分之一的研究生都选择自主延毕为了应对考公压力	0
@Moonpiie·	0
@大舟小禾 笑死	0
今年是最好的一年，以后更困难的，今年找不到明年更别指望了	0
@猩红的葵索索	0
不找工作故意延毕不就是在啃老一年	0
@小熊克克马	0
继续做核酸	0
公务员考试不用毕业证吗？	0
挥霍时间才最可悲	0
@Dan的狮子 啊这	0
有不及格还能参加公考吗？	0
这么大的孩子，没病没灾的，让个屁座啊	0
我在地铁里，凡是看上去走着进车厢的小孩一概不让座。	1
首先，孩子本就需要引导与教育，这种行为99%错在家长不作为。其次，现场没有勇气去劝阻，发在微博上靠大家口嗨也没用。	0
所以为什么要让座	0
能站立的小孩比我都健康 活蹦乱跳的。我才不会让座他们	0
中国式老人带孩子现状：骂不得，说不得，打不得。	0
给猴儿让座	0
怀抱的让，这种	0
白瞎了一片好心	0
这么大的我是不会让的，一般只让走起来还不稳的那种。	0
让座是人家的教养怎么坐是小孩儿他们家的德行	0
就多余给让	0
想起上次地铁里一个四五岁小孩乱踢，还踢了我一脚，他爸爸在旁边一声不吭完全不管，然后我弯腰问孩子“应该跟阿姨说什么？”小孩扭捏半天还是说了“对不起”，我也夸了小孩。还有一次小女孩踩了椅子，她妈妈说给我擦干净，孩子也老老实实擦了。怎么说呢，小孩其实啥都懂。只有懒得教育，没有教育不好。	0
家教缺失	0
想起我之前的让座经历了上来一个孕妇和她老公，我起身让孕妇坐，就站在一边，过了五六站，孕妇跟她老公说：你站累了吧，来坐一会	0
臭老坦儿	0
发到微博网友更管不了	0
再过一百年这种也死不绝	0
这么大了……我不让	0
孩子出门穿什么，体现了娘的手艺；孩子出门做什么，体现了爹的教养。	0
我每次带孩子坐地铁，有人给让座我都会感谢并且说真不用让座，让他站会儿就行。因为地铁不存在急刹车啥的，很安全。这种就特么很无语。。	0
七岁八岁讨狗嫌的年纪，都经历过	0
看不惯就上前制止，要么就不看。。指望整个世界的人素质都和你一样，是不现实的。。拍个视频投给大v让网络去批判也确实不值得。	0
相信我，家长管不了。但凡能管得住孩子的家长都不会出现这种熊孩子	0
这个难怪在国外他们觉得日本人更有礼貌，唉	1
多余给他让座！	0
能站着的未成年，从来不让座谁让座谁傻	0
白瞎人家一片好心	0
送去猴山吧	0
@limac_	0
您好，感谢您提供的宝贵信息，反馈内容此前已收到，我们已经反馈负责部门知悉关注。同时，我们也呼吁大家文明乘车，共同维护良好的乘车秩序，发现不文明行为可及时告知工作人员或拨打客服热线010-96123反馈，我们会及时跟进处理，感谢您的关注。	0
也当着我不怎么坐公交地铁，但凡我坐车的时候，只要是小孩儿，不管多大，我都不给让座，哪怕怀抱着的也不让，中国小孩儿已经够娇生惯养的了，再连坐个车还得让大人给他们让座，这国家还有指望么？老人的话看情况，早晚高峰不让，平峰的时候也是看岁数让，看着不到65的都不让。	0
先反省自己，别做这家长，别教出这样的娃	0
让座是教养，怎么座是小孩家的德行	0
擦 给丫扔下去 跟着车跑！	0
老幼病残专座，空着我也不坐。普通的座位，谁来了我也不让。	0
我上次碰见的是个小姑娘，还穿着短裙，吊一会儿内裤就不舒服了，然后停下来揪内裤，目测10岁11岁，我都懵了	0
告诉他这是地铁，不是猴山	1
真xx沙博艺	0
散德行，想给他一脚～	0
真正的奥特曼是不会这样的	0
给小孩儿让个毛座啊	0
家长呢	0
那么大了不用让，都养废了	0
家教出了问题	0
熊孩子特辑又加了一个	0
家长觉得孩子好动是天性，不需要管	0
这娃都这么大了，其实没有必要让座	0
长大一定会变成光	0
他不配穿迪迦的衣服	0
妈的昨天还在地铁里被这样皮的小孩给踩了一脚	0
进化失败是这样的	0
這麼大孩子	0
捡来的孩子总是格外放纵	0
除了腿脚明显看着不行的，都不让座了，尤其小孩和一听有优惠比我跑的还快的老人	0
这才是一家人	0
这也算4号线高峰？	0
其实这么大的小孩根本不想坐。。。。见过好几次年轻人给孩子让座之后，孩子一直想站起来，家长按着不让动的。。。。	0
这种人在车厢里不怕丢人吗？	1
大小伙子了	0
这种家长甚至会因为孩子的活泼觉得自豪 骄傲	0
家长的钥匙扣有年代了	0
真想一脚踹飞	0
熊孩子 大人惯	0
配种门槛太低 什么牛马都能搞繁殖	0
上幼儿园后不让座，站着容易长大	0
一看就是个地道的小百京啊	1
座位毕竟是人坐的，他们不懂！	0
我是不会给这么大孩子让座的，应该他给我让座。他比我结实多了。	0
欠揍	0
这一代大多素质不会太高	0
让座的你没毛病，给你点赞👍，再说这孩子，老话儿说得好，子不教父之过。         通过这个事儿，你就发现，现在的父母从小对孩子，宠的上天了。有多少家庭，孩子只有一个，自私自利，在家里家外都是独享，他从小就认为，你生我就得养我，家里所有的都是他说了算，还不如以前农村的教育	0
@每每自闭 我靠四号线的早高峰，有座都是拿命抢的，我真的会生气	0
为什么给孩子让座啊？又不是老人～孩子累大人累啊？孩子就站会儿呗	0
您这猴儿，哪儿买哒？	0
摔骨折了吗？	0
回复@两条鱼子酱:杀	0
我超级烦让座后连声谢谢也不说的	0
回复@宥泽天下:就是，我还是我爸妈的宝呢，每天上下班够累了，同样手脚健全，凭啥他站不得	0
回复@思考的王小呆:就是营养过剩的熊孩子，都学会道德绑架了，坐车攒体力是吧	0
回复@只爱不迷:除了孕妇，其他一律不让！地铁就那么一个半个小时的，累不死！我们小区楼下的孩子一跑起来整个下午滋哇乱叫，那体力，我这周末下楼都得喘得真比不了	0
回复@思考的王小呆:简直太对了我以前也以为尊老爱幼就一定要给孩子让座	0
坏人不分老幼	0
孩子有痔疮	0
我这年龄的时候  坐公交车我妈都让我给老人让座的...	0
给孩子让座的，都是脑子不够用的善良人儿	0
其实家长的错	0
我们北京人都沾PM2.5	1
这种就是博流量的，不搭理最好的方式	0
内蒙古有一个因为吃饺子不蘸酱油被抓进去的	1
不是，我连醋都不蘸，醋会盖住饺子馅儿原本的味道！	0
明显黑	0
我儿们儿北儿京儿人儿吃儿啥儿都儿蘸儿芝儿麻儿酱儿	1
对陕西的误解这么多吗？没听说过馍夹饺子	1
我不爱吃饺子	0
就这拍视频的胡来么不是	0
为了博眼球都魔怔了	0
胡说八道	0
真能扯	0
不是沾豆汁儿嘛	0
北京沾麻酱？？！！咋不说姆们泡豆汁吃呢…我这么大就没见过沾麻酱的，老一辈也没有	0
龙门米醋	0
香油辣椒油蒜泥一丢丢酱油。	0
我们醋➕蒜泥➕辣椒油	0
北京陕西醉了！	1
我們北京都是就着卤煮蘸着豆汁儿吃	0
我都是蘸臭豆腐吃	1
我媳妇儿一般说：先来俩原味的（不沾醋）然后再沾醋	0
四川人吃饺子吗？陕西有饺子荚膜吗？	1
瓦们百京人吃饺子都蘸豆汁儿裹炒肝儿吃	1
真地道	1
北京蘸麻酱？	1
我觉得人家没有恶意，就是夸张搞笑的在表示各地人的喜好，咱北京人就是挺喜欢吃芝麻酱的，陕西的都给夹馍里了......这不明显是幽默嘛，这都能激起气愤来	1
蘸三西老陈醋是正宗的！	0
？	0
解决了基本温饱问题，人们就开始寻求精神层面的刺激，中国人给它起了一个名字，叫“吃饱了撑的”	0
沾麻将不是北京的吃法	0
啥？	0
粗、蒜汁儿	0
少醋多香油，吃芹菜或者白菜馅儿的喜欢就蒜	0
2AC	0
我蘸香油蒜泥	0
醋，生抽（偶尔也加蚝油），香油再配大蒜，再加点儿辣椒油。之前家里只放醋，后来我同学这么吃，我跟同学那里学的，我家里现在都这么吃了	0
反正我没见周围的北京人这么吃的	1
煎饼卷水饺加大葱就着蒜	0
北京基本也是饺子蘸醋…	1
奖励吃一个月饺子蘸麻酱	0
扯淡	0
谁蘸麻酱………也蘸醋啊好不好	0
呵呵	0
哈哈学到了，我蘸点麻酱试试	0
我们北京煮饺子都用豆汁，捞出来放在卤煮里，占芝麻酱，韭菜花，酱豆腐，蒜汁，在过油炸	0
嘿！您猜怎么招？	0
嘿，那叫一个地道	0
戏谑一下北京人爱吃麻酱呗，	1
不应该是放点蒜泥，放点辣椒油，再来点醋吗	0
陕西有种美食叫做——酸汤水饺，不是饺子夹馍，也没有饺子夹馍	1
站着吃，沾都不沾	0
其实饺子蘸麻酱真挺好吃的	1
不知道视频是谁做的，送四个字：纯属扯淡	0
沾芥末油	0
我们那儿一般让羊喂我吃	0
胡说八道	0
我爱吃饺子 也爱吃麻酱 但2in1 都省了	0
反正我这三十多年是没蘸过麻酱，我爸妈这五十多年也没蘸过........	0
我姐姐从小就麻酱拌醋吃饺子，味道很特别	0
芝麻酱我们可不认	0
醋加辣椒	0
蘸醋在来几滴辣椒油	0
山东人，饺子里面包硬币	0
拍这种视频的就是为了博眼球的纯撒杯！	0
扯淡	0
在北京吃肯德基，麦当劳都不给番茄酱，给麻酱	0
泡豆汁里	0
哈哈哈哈	0
我们都夹口罩里	0
是是是，我们北京喝茉莉花茶都得放麻酱行了吧！	0
北京人谁吃饺子蘸芝麻酱了	1
明显就一个恶搞视频，这么玻璃心？？	0
直接吃	0
北京都是放地道里吃	1
不是东北沾麻将吗？	0
哈哈哈，都夸张哈，蘸太多料	0
发视频这位估计吃饺子沾翔	0
蘸麻酱我肯定是一个假北京人	1
这不是扯淡吗？陕西人放馍里吃？	1
山东蘸蒜泥加醋加香油，超好吃	0
我以为全国都蘸醋	0
原味最好	0
醋  腊八醋更好	0
就着炸酱面？	0
在座的都有责任	0
对！饺子蘸芝麻酱真是盖了帽了我的老北鼻	0
蘸任何东西都失去了饺子的原味，我啥也不蘸	0
除了中秋节，所有节都吃饺子	0
必须面馅的。	0
我们家是 酱油+醋+香油+辣椒油	0
胡沁	0
扯淡，北京也是蘸醋和酱油	1
蘸大逼斗吃	0
很正常吧，涮火锅有火锅饺，肯定得蘸麻酱，这个✧(๑•̀ㅁ•́ฅ早就有了，没什么稀奇的	0
这是哪个怯出儿	0
扯淡。。。	0
福建蘸番茄酱or甜辣酱	1
这是个别人的吃法吧，不普遍	1
绝对不是	0
蘸卤煮	0
下回试试	0
这谁拍的，见识有点儿浅啊！	0
虾扯蛋	1
首都蘸麻酱，北京也沾醋	1
不是叫芝麻酱吗？	0
哈哈，坐标北京：醋+糖+麻酱	0
这不胡说吗	0
只喜欢蘸醋和大蒜泥	0
没见过	0
纯粹是脱了裤子放屁！	0
这种视频全看UP主见识怎么样了	0
火锅饺差不多	0
地道	1
北京人儿挺会吃啊	1
我们北京人都沾酒精消毒了在吃（我开玩笑呢，别当真，我也北京的，我不沾麻酱沾醋）	1
在北京待了五六年还真没见过这样的	0
蘸它奶奶攥儿。。。	0
加一个，印度，捣成糊糊吃	0
照这么说新疆吃饺子得蘸孜然了？	0
我是那个喝醋的	0
阿拉辈静任，吃饺子儿，窦沾那个绿不拉几地臭豆腐	0
在北京吃饺子都是三合油（金狮酱油+龙门醋+香油）。	1
作为出生在北京，成长在北京的人来说，我吃饺子真不蘸麻酱	1
您还别说，这味道，嘿，那叫特么一地道	0
扯淡！	0
上海有冷馄饨蘸芝麻酱的	0
北京是美食荒漠。吃不上饺子。只能吃沙子。	1
想怎么吃，就怎么吃，以人为本。	0
对对对，我上辈子就是这么噎死的	0
神马玩意，饮食文化还能这么篡改啊，搞的其他地方朋友都被误导了	1
真能胡说八道	0
山西人吃饺子只蘸醋不喝醋	0
@C_A_E_S_A_R	0
回复@小A爱动漫:我只喜欢吃煎剩饺子	0
回复@饭饭有菜也有汤:煎饺子呢	0
回复@RationSun:这个词有些年没听过了您是外蒙来的吧	0
我们北京人吃饺子蘸芝麻酱 你看见了  胡诌	1
回复@Fitz-EF:就是我先知道但没说，然后经年就有不停的人说	0
回复@Fitz-EF:哈哈哈哈，要不按视频说的，搁点儿麻酱？	0
回复@Fitz-EF:那我去内蒙吃饺子烧麦会不会也被抓？因为我不喜欢生酱油味儿，所以吃什么我都不蘸酱油	1
北京都是沾酱油吃 没那么多乱七八糟的	1
麻酱蒜泥。前无古人 后无来者的绝配。	0
只播到第56个问题	0
好看	0
@七七要努力闪闪发光	0
笑起来好看。有些问题确实比较rude	0
收藏	0
码上	0
猛一看还以为谷爱凌呢	0
学英语的入门，简单的一百个问题。这视频相当好！	0
不笑不说话。好看。	1
@我的印象笔记	0
@叛逆O变乖188 闭眼听听力	0
王府井现在那叫一个萧条啊 首都的城市中心购物街都没人了 可想而知其他城区的经济环境是什么样的	1
曾经给我在同济大学的女朋友买了很多专业的书……现在她是别人的老婆，和母亲……操行人生	0
好像是改造，不是关门。	0
不是改造升级吗，一改造不知道能多少经费哦	0
不盈利任何店铺都会倒闭的，这是市场规律	0
新华书店也是鼎盛一时啊，前阵子我去看，主要都是卖小学生训练册了	0
现在只有监测点盈利	0
现在网购的书比书店的书便宜多了，很少在书店买书了，有时候就是去书店，也是看看，然后直接网购。	0
说是转型啊，以后应该还是书店，但不会是现在各种纯粹书架了。可能会是那种卖书＋卖咖啡点心＋伴手礼的网红书店的样子吧？反正只要能让实体书店继续活下去就行。。。	0
在某些国家，线上销售的价格是不允许低于线下价格的，是对本国的实体经济的保护。	0
96年买过一台爱华的单放机	0
淘汰了一个行业，出版业，报社，纸质书，以后都被网络和电子书替代了	0
@大蒜皮儿	0
啊，原来在那买过好多磁带	0
很久没去过实体书店买书了，都在网上买，还得是做活动的时候，更便宜.	0
太可惜了 小时候时不时就会被爸妈带去这里逛逛，满满的回忆	0
当年想买盘英文流行歌曲磁带或者CD首选就是这儿	0
升级改造，不是关门	0
@Uni晗	0
@周格格今年是酷盖耶啵的小仙女	0
说不出的难过	0
原来老去	0
以前常去	0
@一个比较厉害的普通人	0
一声叹息	0
唉	0
周末我去看看	0
@莅莅莅莅莅	0
啊。。。太可惜了 大学的时候总去。。。	0
哈？！！外文书店也要关了？？？	0
@八佰鲤狸	0
关店改造！	0
实体书店北京市一直给不少补贴。	1
小时候暑假的图书馆	0
？？？	0
博主说啥时候关了吗？我没在京不知道还有没有可能去逛最后一次	0
改造吧	0
啊啊啊实体书店确实难	0
不是关门是改造，因为楼太老旧已经是危楼了，不得不关门	0
没什么用，只去过一次，96年好像买了本买了本牛津英英。	0
很多很多年前老去买英文磁带和CD……	0
千万别转型成网红书店就行	0
@榴莲冻着吃 现在好多新华书店都没了	0
现在王府井基本没人逛吧	1
企鹅出版的书 还能买吗	0
@tenderALWAYS	0
是那个好几层楼的书店吗？谁能告诉我一下	0
有点儿伤感。不过时代发展，一切都有结束吧	0
初中的时候，和小伙伴一起从东四十条骑车到外文书店买《新概念2》，这一晃，都快30年了。	0
人家是重新盖楼，最近全场4折	0
这几年实体行业经济影响大，确实不易。	0
九十年代上学时经常去它家买影印版的外文书（感觉是盗版的）😂	0
啥？！ 当初我的英文版专业书基本都是从这里淘换的	0
有人知道现在还打折营业么	0
19年回北京时候去的，可能等不到我下一次回去了，唉:-(	0
我得有15年没去过王府井了	0
十一的时候王府井人可多了，让我感觉好像回到疫情前！	1
好难过啊，每次去王府井必去的地方…在那里买了好多书呢	0
买过英英字典	0
些许难过	0
aaa啊啊啊？不是吧不是吧、我去过一趟北京就在那买过书，怎么要倒闭了	0
当年没少从书店里面淘换进口的CD	0
那些回忆都消失了……	0
不知道為什麼一座古老的城卻留不住陪伴他的一切	0
好家伙，童年高级书的记忆	0
装修，不是关门	0
一个没有书店没有图书馆阅览室的城市真是悲哀	0
想当年在那里买过CD和磁带	0
我们买还不行吗	0
高中总跟那里买外文专辑，偶尔看看外文书。	0
唉，小时候总去，西单外文书店没有了，王府井外文书店也没了，爸妈的工作单位......	0
就这么没了	0
我妈单位	0
好喜欢这个地方的	1
青春的记忆 伴随了我整个高三 大学时代 工作后也经常来这里	0
又要改成咖啡馆？	0
@Viktorfly	0
啥？里面还有卖漫画的？	0
互联网摧毁一切	0
这么突然么？这是做啥？	0
差不多，好像前几个月就开始甩卖图书了	0
那我以后上哪买外国磁带呀？！	0
@奀奀小能根儿	0
@AlvinMcLsy	0
@素的小炖肉	0
小时候从中关村骑车去 现在确实很多年没去过了	0
要哭了	0
都关了吧	0
记忆	0
说是升级改造，两年后再开	0
王府井还要改造升级？	0
不能吧？	0
我第一张黑胶就是这里买的	0
是不是有折扣	0
实体书店活不下去很正常	0
小学参加夏令营，北京看完升国旗接下来就是王府井，那时候一窝蜂就跑来这里看漫画书	0
上大学时常来淘原版小说，英美文学作品极多，还有各种原版古典唱片。周末从中关村坐公交到这里，流连半天时间，每次买两本书带回学校读，一直把这里当作英语阅读的圣地。时光流转，真要与这个圣地告别了......	0
这是一个城市的精神文明呀	1
@Sone_whq	0
“我最爱去的书店 她也没撑过这个夏天”	0
上周刚去买了两本	0
03年第一次去北京的时候就去过这家书店	0
上次去了趟团结湖那边的批发市场，图书这行当是真惨淡啊	0
。。。内部人士告知你们不是关账，是重新装修	0
升级改造，这哪里叫关？	0
所以打折吗	0
不关门，就白白做公益。店里找书，当当下单。每天赔水电费	0
十一去的时候好像就一层的区域四折	0
@宝藏青青年	1
@Gingervveijia	0
十一的时候大蜜拉我去了，基本上能买的很少了，都被买的差不多了。我们就去买了几本绝版书。价格相当于没出国在当地原价买了一本书。顺便找下回忆——那里的楼梯间	0
我是，我在北京，但是不知道联系方式	1
大家好，我是孩子的父亲，如果大家是或者认识A型阴性血的，可以联系我，万分感激🙏🏻	0
今天非常感激大家的无私帮助，不管是给予我支持的志愿者，还是为我支招想办法的网友，谢谢大家，通过微博我已经联系到了四位同血型且愿意帮助我的志愿者，然后我也通过中希网联系到了两位志愿者，真的很感动也感谢大家，我代替两个孩子还有孩子妈妈，对广大关心和帮助我的好心人们，说一声感谢🙏🏻	0
您好，我是A熊猫血，我在北京	0
这是医院的证明	0
我是A熊猫血 我在北京 我也是个双胞胎的妈妈 很理解这种心情，如果需要可以联系我	0
我只知道我是A型，不知道是不是阴型，这咋知道啊？	0
转发求助 女婴需要A型熊猫血	0
还是要加上联络方式才方便啊	0
帮转。	0
我是！就在北京。	1
我只知道其实A不知道是不是阴型	0
帮转！希望孩子平安🙏🙏🙏	0
帮转	0
我是rh阴性o型 能用吗	0
这真是…度过难关吧，帮不上忙	0
我是O型。	0
这么紧急，你发求助帖为啥不留联系方式？	0
帮转	0
帮转	0
帮转，另外目前国内是不是有专门的熊猫血库和相关的组织啊？	0
你好 还需要熊猫血吗	0
好人有好报	0
🙏🙏🙏	0
O型帮不上，转一下！	0
转发	0
我记得阴性血有互助群，我姑姑就是	0
我有个稀有血型爱心之家	0
帮转	0
🙏🙏🙏	0
等一个好消息	0
🙏🙏🙏	0
这么小的孩子，遭罪啊	0
帮转 虽然我都不知道我自己是什么血型	0
转发微博	0
帮转	0
🙏🙏🙏	0
找我们组织	0
帮转下，早产双胞胎婴儿，需要输熊猫血	0
A-  上海	1
转！	0
帮转	0
人在成都啊。	1
@北京稀有血型永和救援 老师帮忙看下	0
我是，但我在江苏	0
转发微博	0
直接跟献血中心联系，中心有熊猫血互助群。	0
转	0
天呐 熊猫血	0
回复@大富贵_Sunny:	0
怎么样了现在	0
回复@我妈让我记得喝水:会的，谢谢您🙏🏻	0
回复@乔不懂a:要平平安安啊！	0
回复@没过半的_情儿:真棒	0
回复@大富贵_Sunny:真棒，你	0
O型帮不上忙，帮转	0
回复@骨瘦如柴张小胖:嗯嗯，借您吉言，我们孩子也会好起来的，谢谢您🙏🏻	0
回复@乔不懂a:祝平安，我大女儿也是早产，一斤多一点出来的，相信医学相信医生，她们会平安没事的。	0
愿评论区提供帮助的人都一生平安	0
看见大家的评论我的眼泪都出来了我是O型血，很遗憾不能帮助你。希望大人孩子身体健康。	0
回复@大富贵_Sunny:祝好	0
回复@大概就是咸鱼的咸:最好是在北京，这会儿进京麻烦，目前我已经找到几位符合血型的爱心人士，也很感激您的关心，如果后续我这边情况不好，我再联系您，万分感激🙏🏻	0
回复@乔不懂a:您好我在杭州 a型熊猫血 可以吗	0
杭州可以吗	0
回复@莹莹酱不吃鱼:谢谢您🙏🏻	0
回复@乔不懂a:希望宝宝平安	0
好人一生平安	0
转发微博	0
回复@胡小牛_Mener:好的，感谢	1
电梯里抽烟的早死早超生	0
抓他个满脸花	0
派出所：互殴。	0
人肉下	0
电梯禁止吸烟	0
电梯里抽烟，活该被打。	0
最烦电梯里抽烟	0
明明男士先动手的吧，难道我看错了，这不是自卫么	0
电梯里抽烟的真的有一个死一个！	0
这他妈不入刑，天理难容。	0
这估计大概率和稀泥调解了 红豆泥斯密马赛	0
大姐往死里打，打的好	0
为什么只用手 而不给丫下边来一腿	0
我已经代入那个女的使劲挠他了，再来个撩阴腿	0
女的手指甲抓人可厉害了	0
垃圾人分类管理	0
女的已经很厉害了，但是胳膊还是短了点，不然碾压这男的	0
毒瘾犯了吗非电梯里抽烟？一点起子没有，就应该全楼一起抽他，你让全楼吸二手烟打你是应该的，反正法不责众	0
建议全国通报	0
还以为会是尴尬的来一段武术那种摆拍呢原来是真打架	0
头发短的就揪耳朵	0
这个扒一下工作单位吧	0
没公德还先动手，作	0
没刑拘+赔钱么，大姐可以告到他破产啊	0
不戴口罩	0
电梯里抽烟！SB！	0
这女同志真棒👍	0
男的先动手	0
在电梯里抽烟的垃圾，我会往死里打	0
抓到没有？	0
欠揍	0
怎么才能有效整治这些抽烟鬼！！餐厅 公园 车站 抽烟的比比皆是！！	0
哈哈哈哈，笑死	0
给打跑了哈哈哈哈哈，这男的丢人丢到老家去了	0
这男的欠抽	0
吸烟有害健康的广告出来了	0
抽他	0
@w想喝奶茶了 这个太好笑了哈哈哈哈	0
抽烟抽的人都虚了 还撒野~ 算是男人么	0
电梯里抽烟本身就是极度自私和没规矩的表现，严惩。	1
我去，这tm得抽死这个大烟鬼	0
抽烟导致人痿	0
这要是报警了，算互殴还是啥？	0
哈哈哈哈哈哈	0
这女的多余后来煽那一巴掌，不然的话，这个时候应该是掏出手机看看汽车类APP，准备喜提新车了……北京我知道的赔的最多的一个嘴巴子，两个都是有钱人，最后赔了70万	0
蹲个后续	0
哈哈 被女的打了	0
人模狗样的	0
就是缺社会教育，一副老子除了带枪的警察能管，天王老子也管不着	0
照片贴电梯里	0
这是居民楼吧，这么搞是不想在这住了吧，不是找不痛快吗	0
估计这哥们要在拘留所冷静几天了	0
这什么玩意儿	0
哈哈哈哈哈，真好玩！	0
电梯里疯狂的烟民 @武汉漫展吧_官博	1
男：就是因为戒不掉烟刚被媳妇扁出家，抽根烟消消气….靠，又来一个扁我的，还不让我抽烟！	0
寻衅滋事，戴眼镜的一般就呵呵了。	0
电梯里抽尼玛烟呢	0
这么点空间抽烟，太坏了！还伸手打人，应该判刑！	0
打BK的	0
想看结局	0
挠丫挺的	0
警察肯定认定是互殴	1
我也是很烦电梯里抽烟的人 家里有小宝宝 很反感	0
该	0
我还以为又是猝死了呢 哪儿看出身体素质不行了….	0
拘吧	0
后续呢？	0
人肉他！	0
踢他蛋蛋，踢爆	0
总结到位！	0
边打边灰溜溜跑了？	0
最后啥结果？抓了吗	0
应该拘留	0
丫怎么活这么大的？	0
这身体素质，嗯，确实	0
报个警连抽烟带打人一起办了多好	0
怎么能打女人？	0
太坏了	0
瑞典梗了解一下	0
哈哈哈	0
该	0
女生不还手，妥妥的可以告他。	0
传统武术 王八拳	0
电梯里还怕他动手？动手就躺。	0
九阴白骨爪	0
太丢人了	0
菜 菜 菜	1
戒烟好几年了……还好曾经8年烟龄没有干过什么低素质吸烟行为～	0
报警吧大姐战斗力可以啊	0
打死这人没？	0
这素质真的太差了！//@幽默2046: 转发微博	0
后续呢？	0
为啥我碰不到这种贵人呢	0
拳头硬了，这种我绝对揍他	0
通报了没	0
最烦在电梯里抽烟的人	0
抠了丫眼珠子	0
一脸凤凰男的德性	0
@大甜甜u	0
老婆跟人跑了，孩子管别人叫爹，父母双亡，兄弟反目，工作受挫，生活不如意，故意找茬，找人撒气，奈何无能无力，不如死去一了百了啊！	0
希望这男的早日下地狱	0
人肉套餐呢？？？赶紧上啊急死了	0
这是什么垃圾，电梯里抽烟还打人	0
同意一下//@KK63电动GT:电梯里抽烟的早死早超生	0
快被笑死了女人打架果然就是挠	0
告这男的猥亵	0
//@KK63电动GT:电梯里抽烟的早死早超生	0
真的给男人丢脸	0
@阿兹卡班在逃Leticinita 这种情况大妈都忍不了	0
属于寻衅滋事了吧	0
大姐加油。大姐应该上脚	0
看着人模狗样，真是个垃圾，电梯里抽烟还打人	0
所以说，公共场所抽烟都是LOW或及沙币。尤其是那些明星，严重的错误示范	0
最后被追着跑	0
人肉一下让他丢脸一下	0
后续呢 抓到这个垃圾没有 拿电梯给他理个头	0
这就不是人……	0
看的出来在家没少被老婆打，除了最开始那一下，都是些被动防御的技巧	0
这是知道自己生命进入倒计时阶段了，一秒钟都不想耽误，抓紧抽几口，那万一电梯还没停自己嘎贝儿一下死了怎么办呢？	0
是谁家的老公、谁家的儿子、又是谁的爸爸！（不过只是人类的垃圾………	0
被打跑了........哈哈哈哈	0
@智慧的阳光少年	0
@啊蓝不难	0
回复@一生跌宕起伏:那万一被打死了呢，赔偿有毛用	0
@Juicelike_	0
回复@KK63电动GT:看评论原来真的好多人讨厌这样的人	0
@艾斯狄斯	0
女的应该是物业的工作人员帮业主倒垃圾。	0
细节二打起来了居然跑去捡包，细节三电梯护板没有拆新小区。这男士一进电梯就是一脸崩溃的样子，明显心理控制能力已失控。	0
哦 然后呢	0
现在看见这玩意儿除了烦没有任何感觉	0
平谷是世外桃源	1
我真的佩服平谷科学能解释吗	0
哎，哎，哎，醒醒，都醒醒，注意审题，人说的是 无报告病例天数 。重点是 无报告病例天数。hhhh，玩儿的一手好文学。你个老6	0
重症几位、治愈率和致死率是多少。信息不透明是滋生谣言的导火索。	0
现在很少听说有重症的了，不是轻型就是无症状，真想问问那些确诊的到底得新冠啥感觉	0
秋冬疫情又开始了！	0
已经麻木了	0
十一过后返京潮 必然有这么个过程	0
重症有几位？	0
这次是郊区战	0
平谷真的神奇的地方	0
要不是两会，北京现在该管控公共场所了吧？	0
🦠不进主城区？	0
桃花仙人种桃树，平谷从来无疫情！	0
原来觉得平谷真厉害，现在一想吧，得是什么程度的管控才能一直零	0
现在邯郸坐火车进京，会弹窗吗？	0
平谷真乃桃源	0
唉，有完没完	0
什么时候停课啊？	0
只服平谷	0
嚯	0
北京加油	0
平谷区太牛了	0
3年了，早适应了	0
能不能只发布社会面新增？	0
唉，又来了	0
好家伙	0
看来没京牌进不来五环	0
挨个捶	0
周末还要参加婚礼🙈	0
唉……北马……	0
社会面一个。。。。唉。。。	0
平谷旅游	0
确诊病例16和20去哪了？没注意看啊	0
希望赶紧清零	0
一觉醒来居家隔离了	0
麻了	0
平谷真绝	0
嗯…31是哪个华瀚福园？东坝还是管庄？	0
麻了	0
回复@Chdrt53:一万个里头出一个，专门挑那一个告诉你	0
回复@lionheartxj:好像已经管了[裂開]前几天去崇文门发现那边商场全关了（灯开着，但是不允许进去），后来转战王府井也是不允许堂食	0
平谷神一般的存在	0
回复@Chdrt53:你看的海外新闻不过是精准加工翻译投喂给大家的	0
回复@_Emily_:同事住那已经被居家了	0
回复@萝卜青菜零零五:哈哈有时候真的很难不信一些玄学平谷是北京的一个区，不是三四线城市的区，很多说平谷经济落后没人去的我很难认同	0
回复@有营养的名字:桃木辟邪	0
哎	0
回复@普通日子舒坦:脱发体力变差，多看看海外媒体真实报道就知道了	0
为什么市里没有，郊区那么多	0
这延迟够严重的，红山郡13号查出来的18号才确诊	0
回复@神幻之梦:我手滑了→应该是是D区，旁边的东坝小学，明天开始暂时闭校，北京中学金泽校区→初一有两个班也是明天开始居家	0
回复@满满妈的世界:治的早，重症的少	0
回复@普通日子舒坦:现在lol和dota2.国际比赛都有阳性队员，发烧咳嗽，跟流感差不多。	0
回复@暗的魔法師:但是很多去那儿玩的	0
回复@_Emily_:得又离我们更近一步了	0
非常精准的每天两个社会面感染，控制的非常好	0
怎么看不了	0
咱们还是来聊聊啥时候给李文亮妻子道歉的事吧	0
黑屏 看不了	0
黑了	0
点开黑屏	0
@宇great	0
码住	0
🐴住，夜班看	0
码一下	0
一个情绪化作家和一个理性分析者	0
🐴	0
看过 推荐	0
🐎	0
感谢	0
打不开，黑色屏	0
余华老师才是“会说话就多说点”	0
转发	0
mark	0
mark	0
@小饼干儿爱吃糖豆	0
@吴仙儿仙儿O_o	0
两位互相欣赏的人，主持人也是少有的有文化有思想的主持人	0
艹	0
我看行，隔离的时候需要	0
好的，到我的收藏夹吃灰去吧	0
想问膝盖吗？挺想一练的，膝盖不好，有点担心。	0
试试看，不试了，就看看，来，我干了，你随意	0
好	0
好的，每个动作做三个	0
家里肯定不行会吵到楼下，我老公跳刘畊宏健身操时楼下就找来了，我还专门下楼听了听，咚咚的人家根本没法活了，我们夫妻给人家到了谦并保证以后肯定不跳了	0
小编今天请假了么？？怎么就一个运动的，其他的呢	0
如此普通，却又这么自信！	0
不想找有弟弟的，但自己本身有个姐姐，这是有多讨厌自己	0
滑天下之大稽 还不能有弟弟，所以你是什么？	0
170就要165以上？是喜欢抬头看人吗？	0
找保姆吧，保姆都应该不愿意去这样的人家	0
自己打游戏  媳妇当保姆	0
现在的女孩都不愿意回婆家过年，还想着让人家去他家做饭？做梦吧？	0
其他不说，170cm，70kg，这要是女生也是这个身高体重，大概就要被骂胖死了吧。	0
28000就这么牛	0
想给他一巴掌扇醒	0
本科生以上学历越高越好。想的倒挺美，98年以后的看得上这种170的半残废吗。说170那就是没有170	0
我觉得这条件还好吧，除了那条要求女方月薪1.4w以上有点难满足，其他条件有什么问题？	0
但凡他有镜子，也就不用发这个了	0
如此普通，却又这么自信！	0
搞IT的，奔三了，身高～170，体重70公斤，没有北京户口，目前北京租房，月薪就算到手2w8还要支付房租，游戏咔，普通，无姿色，却自信满满，祝他好运  ps:IT行业据说35岁是一道坎儿，嗯，还有5—6年，自求多福吧骚年	1
评论区大型女拳双标现场	0
我尿黄，我先滋他	0
你可拉到吧，我闺女找你我断绝来往	0
你个1米7得。。。一个月2万来块钱。。事还这么多。。。	0
自己170要求女方165+，自己有姐姐要求女方不能有弟弟，自己爱好打游戏要求女方不玩儿手机有眼色爱做家务，会做饭以应对过年招待男方亲戚，女方挣的越多他家人越喜欢，哎呦喂	0
你先在北京买套房吧	0
没得发可以不发。搞男女对立？	0
他找个保姆呗。不过这人挺诚实的，什么都说在前面。有些什么都不说婚后也都跟他写的一样，而且一个月还没2万8。	0
撒泡尿照照自己吧	0
活该单身	0
他妈身体不好，他为啥不自己学做菜，过年帮助他妈招待客人？？？	0
引战？	0
……不是一个月2w8到手能有多少170水分多大过节回老家次够还要独生子	0
身高170还要求165以上？？自己母亲无业还要求别人都有退休金，你妈身体不好过年就要别人多招待？你特么找个厨师➕保姆得了呗	0
男生自称170的，百分之九十以上是不到170的	0
别找媳妇儿了 找个老妈子保姆吧	0
一个月2万8，再北京要租房要生活，再打打游戏，也剩不下啥吧	0
自己有姐姐的人还嫌弃是姐姐的人？白疼了	0
@啊瑞呀格- 这年头猪头都会搞相亲了	0
没什么大问题，就是一个门当户对的要求，不过放在现在的微博上，肯定会被喷，毕竟现在都是小公主	0
以下六点想说……	0
我来翻译一下：【收入上】我工作7年税前2w8,但希望你本科毕业2年达到月薪1w4以上，最好也是2w8.硕士以上学历虽然还在读书但也不能低于1w4月收入。即使我工作早挣得多，你工作晚，但你要和我平分开销。让我养家没门。	0
梦里啥都有	0
怀疑是引战贴，难道现在真的还有这种未婚男	0
普信	0
一看他姐姐就是扶弟魔，所以让他如此恐惧扶弟魔	0
爱好打游戏，身高这点，直接pass了。别要求女生那么多了。	0
呵呵呵我跪了	0
你们全家过吧，挺好的。	0
一直觉得相亲就是闹着玩让大家吃瓜看笑话	0
这样的女生干嘛非得找你这样的结婚？就为了不作不闹，给你家干活？你先说说自己有什么魅力能让别人心甘情愿这样	0
可以不选择他，没必要嘲讽，首先月入2w8就超过了大部分人，其次他说的条件看似很事多，其实也很真实，很多人谈对象前花言巧语画大饼，结婚后各种挑剔，各种矛盾，你后悔都来不及。相亲不像小年轻谈对象，先把条件说出来会少很多矛盾。	0
肯定不到170	0
自卑到什么程度，需要女方这么优秀	0
不是和另一半较劲，其实是和自己较劲。需要和自己和解，才会幸福	0
把“我全家都会喜欢你”当一种恩典？并不在乎要所有人喜欢	0
如果这种女生还需要相亲，也早被你老板带走了	0
国米吧的？怕有弟弟的女人	0
28000就飘这么高了呀	0
这……我自己赚钱自己享用不香嘛。凭啥到别人家当免费劳动力还有陪着这种人睡觉……	0
不想找有弟弟的，但是自己有个姐。。。。。	0
爱和尊重也是我们生活中很重要的部分。	0
妈妈身体不好，没媳妇这些年都是不过年的呗？刷手机做派不好打游戏就好呗？你家不看长相，就看是不是带资入组的免费保姆呗？可不是带的越多越喜欢	0
如果颜值过得去的话也不至于还没女朋友吧	0
这是没经过社会毒打吗，同等条件的女孩要你干啥，给自己找个爹？	0
杨笠说的没错吧	0
完美！完全自以为是的想的美！	0
这启示也许是个段子，但这心态真挺普遍的。不会有人真这么写，但没写的人其实都是这么想的。	0
这上门煮饭开多少钱一个月呀？	0
这媳妇真不容易，上得厅堂下得厨房生孩子带孩子赚钱还要温柔智慧……不玩手机……	0
典型的凤凰男啊	0
嘿好巧我符合 但我喜欢180以上的	0
我发现现在的小仙女除了会说个那么普通那么自信别的啥屁都放不出来啊 这男的是典型双标 像是在找保姆 但是两万八一个月在北京真的妥妥中产了啊（身高确实硬伤）	0
真给临汾丢人	1
注定孤独终老，哈哈	0
活该找不到对象	0
做饭不用做的太好，还得能招待亲戚	0
好奇他的自信来源于哪儿？身高勉强170，自己还有个姐姐，妈还没退休金	0
算盘打的在北极都能听见了	0
诡计多端	0
哪个北京姑娘愿意跟你回老家	0
就这身高体重还挑呢？	0
就这呸！	0
是什么给他的勇气？？？梁静茹吗？	0
他敢说自己170 我觉得他撑死了168...算了 无力吐槽	0
你谁啊	0
这算盘打的太响了	0
恶心s我了，我看到了什么	0
不在乎长相又要求不黑不胖	0
哈哈哈哈哈哈哈哈，不行了，我笑得肚子疼	0
招待亲戚还是过年？这水平要很高好吧	0
170找个165以上的，逛街的时候看自己女朋友跟自己一样高不自卑么？	0
珍爱生命 远离相亲	0
没事儿吧	0
谁给他的勇气发这篇微博，梁静茹吗	0
要素过多，真的假的	0
170个不高 30了 自己不是独生 但 还想找个24、5左右硕士学历 165以上身高 最好收入一样的还得他娘的有眼力见能给他家亲戚做个饭的，早点睡觉吧 梦里有的	0
简介：IT游戏宅男税前35W，无房无车无户口脾气不好	0
总结：找个好看的免费保姆	0
不咋样	0
找个保姆不就完事了？	0
计算机本科生的收入让我泪流满面	0
嚯 我直接cos老人地铁看手机	0
符合他条件的能看上他吗？	0
都在骂他 意满离	0
哈哈哈哈哈一个月28000 都敢这么相亲了啊	0
你姐能找到对象真是不容易	0
哪来的自信	0
他应该会单身一辈子	0
看大家评论骂声一片，但是我觉得小伙子看的挺通透的，只是想要一个能过一辈子的人，要的就是和他价值观一样的对方，挺好的	1
2万8太少了，现在脉脉上，月薪都已经快上亿了	0
他的身高可能是被他的自信压低的	0
月薪二万八活出了年薪2800万的气势	0
主要28000也没多少啊……而且以后可能越来越不值钱 我也是互联网的~	0
憨憨	0
身高170一定还有水份，可能也就167	0
平权	0
不想负责任	0
送他个大嘴巴子	0
真是迷之自信啊	0
他以为他谁呀，还希望女方这个 女方那个的，可真是笑死个人，他希望的我一点都没有，但姐也特么看不上你。	0
感觉水份太大	0
人家说的：境界越低，破事越多	0
看一半就来评论区了，空气质量好多了	0
梁静茹见了都要喊他一声师父	0
掐指一算，肯定是打一辈子光棍	0
绝对是单身一世了！	0
作为男性来看，这兄弟你要求还不少呢，你至少月入十万以上再提呀	0
是不是想出柜又碍于家族观念…	0
谢谢他全家	0
想许愿就去庙里吧，这平台不适合您	0
最后一句	0
他想要的更多	0
就是挺现实的	0
你170还要女生165以上越高越好？？哪来的自信	0
还是单着吧	0
身高这一项你就已经不在80%的女生可选范围喽	0
咋想的呢？估计也就想想吧	0
许愿去寺庙	0
符合条件的女生也看不上这样的	0
这是招工	0
吃得太饱了，以及梁静茹给的勇气太多了	0
想屁吃	0
人家要有他说的这条件凭啥看上他呢	0
@乐海无边-冲果 评论精彩	0
看到评论区都是骂的就放心了	0
住家保姆最低一万起步，要是碰手罚款一次三百，碰脸一次五百，碰碰腿一次八百，陪睡，保姆必须独立房间	0
到“希望对方家庭门当户对”时本来还算是正常，后面怎么就跑偏了呢？	0
槽多无口	0
也不想想，你想找的这样的姑娘，人家为啥找你…	0
呵呵	0
我可以发征婚吗	0
真是yue了	0
我大山西竟有如此普通却又极度自信之人	1
这其实就是做生意，你开价他还价，他要价太高没人要的时候自然就会降价	0
那人家干吗找你过啊	0
这么害怕吃亏，结婚干嘛	0
170身高就劝退一堆女的，哪还勇气那么多要求	0
在京28000就敢有这么多要求呢～	0
直接来看评论更精彩	0
？？他凭什么啊！凭老家的一栋房吗？	0
下头	0
开除临汾籍	0
就这？	0
工资很可以了。不过这样要求的女生微博上的配偶都日薪这么多，知乎上的话时薪差不多这么多吧。	0
我07年刚参加工作时候公司里的IT工程师 大多都是这种相亲要求 2022年了 单身至今 头皮发亮	0
🙃什么人这么把自己当回事儿。	0
单身是有原因的	1
就这点儿资本，还是回老家找吧，北京找不着	0
要求高很正常，但是要看清事实	0
自己有姐姐却要求对方独生子女或者至少没弟弟，这说明什么呢？	0
《我们全家都会很喜欢你》。这是一种无上荣耀？	0
还不胖呢，	0
过十年标准就降了	0
评论里批评的声音都不是主要针对这28k是不是属于条件好，主要是透露着这男的小算盘打的忒响了，就跟你老板画大饼似的，招你来说我们五百强大公司，几千块钱offer你一个985来我们这做两个人的活你干不干，公司咋牛逼跟你有多大关系找工作还能蹭个背书，结婚又不是找他当跳板离了换更好的	0
平凡的女人根本配不上这么优秀的男人，这么优秀的男人就得娶天仙。希望天仙早日下凡到他家。大伙看新闻时多留意留意哪国首富财阀家里只有闺女没有儿子的，也可以介绍给他。毕竟又没有镜子又没有尿还能长到这么大的男人的确是世界珍宝。	0
这？有点过于自信了吧，难道我年龄太大过于自卑了？	1
貌似很随和，实际很苛刻。	1
为啥自己母亲身体不好第一反应不是自己多学学洗衣做饭照顾老人的技能？	0
搭榜过日子，能合茬儿就行。	0
呵呵	0
把那个籍贯马赛克一下吧	0
然而事实上，性别换过来，工资减两个0的都能有这么多要求	0
只能说一句牛逼	0
这不好找吧	0
竟然是我们县城的。。。。就他这，在县城也不好找啊	0
哈哈哈哈，很山西	0
学历太低 工资太低 还要求这么多	0
这不说的我媳妇儿吗 已经娶走了	0
管蛋用，北京独生女，三代110的，家里两套房起步的一听你家庭情况都不好意思说你，回老家这个要求有希望	0
花钱买个镜子照照吧，别买哈哈镜，因为po 主本身已经太搞笑了	0
老家找吧，反正过几年你也失业回老家了，找个你家对门的正好	0
能把心里话说出来也挺好，省得不说将来PUA	0
妈的，一看还是山西的，丢人丢到北京去了	1
我以为这么优秀的不用相亲呢	0
描述自己的都是水分，对别人要求的也是水分（把他每项要求的前半部分水滤掉，留下但是之后的才是他的实际需求）	0
钓鱼找骂攒积分的	0
要他干嘛呢	0
98年的又不傻	0
哇，这说的不就是杨笠吗？哈哈哈~~~~~~~~~~~~~说话还那么好听	0
身高170？先让我笑会儿	0
挺自信啊小伙子	1
他干到死 可能赶上我起步 之后我不玩游戏 热爱各种户外运动 时不时跑个半马 不吃外卖只在家做饭 我对女孩的要求是 父母有医保 自己无不良嗜好 剩下的看感觉 哈哈哈哈哈哈	0
170还出来吓人	0
@今天我是赵铁花 以为自己是谁呢	0
我感觉他单身挺好的	0
我来看看评论	0
呃  我们临汾男人不都是这样的	0
挺好，说的明白，有愿意的就谈呗。这有啥，周瑜打黄盖的事	0
看到开头这个身高和体重就关了哈哈哈	0
前端？不怕被端嘛？有房吗有车吗有户口吗？都30岁了不知道自己几斤几两吗？	0
170要求165以上，人165为啥不找个180的，真的。要求别人的时候没看看自己	0
怎么做到又普通又自信	0
哄抬猪价	0
因为挣28000就可以170找165了吗	0
吃猪肉一般不会在乎猪的颜值	0
这应该是他家里集体合计出来提的要求。他北京没房，光秃秃28000，如果哪天失业了，等于啥也没有了。	0
工资一万四或者2万8。为啥找你！！	0
以后会秃顶	0
相亲这种事难搞…父母的朋友的孩子有些还单身的就让大家张罗着给看看有合适的介绍，但单身着的基本上互相之间要求都对不上，不好匹配	0
做饭的程度：过年能招待亲戚朋友的水平 找个厨师吧	0
哪个符合硬性条件的女的会有毛病和他在一起 啥也不图就图干活啊。有的人就是适合孤独终老！	0
我们山西不出这样的奇葩，这是污蔑贴！如果真是，希望自绝于人民	1
不想找自己姐姐这样的	0
10年前的梗就是工资变了！	0
说的是税前28000吧，到手真没多少	0
一时刻分不清这是许愿还是找对象	0
“自信”源自哪点	0
这则相亲启事给我的“启示”：没说自己是男是女，没说要找男还是女，身高体重没说单位，170是米，还是毫米？70是吨还是克？收入2.8万是美元，还是津巴布韦元？	0
普却信	0
他姐夫应该老后悔了！	0
他还是单着吧，除非是真爱	0
这条件的姑娘，还找他？？梦里能有。	0
月薪够我一年的	0
这个应该是只想引起话题吧~	0
谁愿意平白多出个打游戏的矮丑好大儿啊	0
看到后面越来越离谱	0
笑死我	0
单着吧	0
只要工资高，我们全家肯定都喜欢你	0
感觉还行啊	0
想屁吃呢？	0
又想吃绝户	0
这是什么牛马？找的肯定也是牛马，发这个微博的更是牛马	0
现在连要求都不能提了吗？不愿意就算了	0
带薪保姆	0
不喷啊，这种的找个保姆比较合适身高170体重140…这也不高不瘦啊，不让女孩惦记他家东西，女孩也得看得上你啊兄弟2.8万看着不少，但是也就2.8了是优点了吧，有女孩子挣得多估计这2.8也不是优点了啊，想平权？想屁吃呢吧？！	0
哈哈这货能找到对象？	0
凭什么倒贴钱去你家给你个小矬子当保姆啊 真当是你奶啊	0
坦白地说这个收入和年龄也还凑合，找女朋友干啥？不如直接和小区邻居拼个保姆。。。	0
因为他是弟弟，所以他知道弟弟有多讨厌	0
看到脾气有点急就不看了🙅	0
他自己是个姐姐的弟弟，要找没有弟弟的独生女；他自己母亲无业，要找对方父母全有退休金；他自己喜欢玩游戏，要找不爱玩手机勤快做家务伺候他全家还自带工资的保姆	0
全家爱好：钱	0
一个矮胖子还这么多事儿	0
回复@xs柠檬:不能有弟弟没问题，但首先自己要是独生子女	0
这种还需要当真？一看不就是编的博眼球么。	0
1.65哪儿看得上他那得找1.78以上了	0
引流贴，假的吧	0
回复@xs柠檬:哈哈哈哈哈	0
“港督”求婚记，脑子坏特了。	0
35以后就会被裁员的那种？	0
保姆挺合适他	0
为什么网络上动不动月薪就3万？	0
你不就是弟弟么？	0
呵呵	0
@Devilgg 哈哈奇葩大赏	0
一条北京没房就屁也不是了	0
@秋秋要变小瘦子	0
确实情商不高	0
回复@Saaa1dLanm:哈哈哈	0
诡计多端的霍比特人	0
超大 特大 1型大 2型大，比星巴克还猛啊	0
星巴克都不好意思了	0
这是普查办的人口数据，明天财政部再来一个经济指标	0
都一线城市得了	0
原来北京不是常住人口第一啊	1
北京走了幾百萬人還是那麼多人	0
河北廊坊是不是有很大比例是燕郊人口？	1
这么看上海人口密度太大了	1
存！	0
重庆人口这么多？？	1
邢台的人口我真有点怀疑，100万现在多少人还在	1
得看长住人口呢！	0
大有什么好？	0
我就知道廊坊一定与众不同，二型大城巾	0
数据非常旧了。洛阳城区现在300W，表里还是199	0
原来中国这么多城市 ，感觉网上人均北上广， 最次也是省会的	1
四大直辖市，重庆进步很快	1
有个蛋用	0
没有世界潍坊？	0
保定比我们临沂人口还多呀	1
都是大城市	0
不求最大，但求工资高点物价低点	0
转发微博	0
@塞万提斯斯	0
谁统计的？山东的倒数第一在，为么没前边的？	0
计划单列市是什么意思	0
物价按城市来分的话，超大就是超贵，特大就是特贵，有没有叫不大城市的呀	1
没有铁岭	0
好家伙，940万人 山东经济排第四的潍坊市直接没上榜？这是谁做的图	1
差评啊！就不能按人口数量来排序吗？！	0
廊坊市常住人口根本不可能是900多万，廊坊那个应该是潍坊市	1
中国要用中国标准	0
铁岭呢？	0
@我的印象笔记	0
当然都算大型城市啊！排名最低的泸州也超过100万人口了！跟其他国家比，已经超过很多首都人口了。	1
看到这个图，苏州人民心里又不平衡了	1
台北市	1
20年的数据？现在22年底了	0
天津显得格外拉胯	0
有种物价上涨还情有可原的感觉	0
苏州城区不到400万？	0
一句话，广东牛逼	1
县级大城市，镇级大城市	0
连我们这小新乡都上榜了	0
转发微博	0
怎么不查查月收入不到5000个税起征点的老百姓收入数据呢	0
4个百万人口的县级市也是厉害。	1
威海都排不上号吗？	0
看成了大超市。。。@丨Nanaaa	0
@大地红继往开来 江阴没有，慈溪？？？	1
@勘探院小水桶	0
不要谦虚	0
居然还有我们抚顺?	0
参照这个标准，天津离降级不远了	0
以后是不是得分宇宙级城市	0
闽浙厉害	1
纯按城区人口分的	0
印象中没去过故宫的。天安门长城都是小学时候学校组织去的。只对北京动物园感兴趣。长大了都去近郊基本上玩遍了那会的郊区景点。	1
全程都在盯着牙	0
是不是只有北京人爱说“您”称呼对方？	1
妈爷子，您猜怎么着，老baby，盖了帽了	0
……那些话体面点正经人家老北京人真不这么说，到底怎么给传成这样，这是过去南城混子的口气	1
不说脏话，很难证明自己是百京人	1
北京人都挺懒的…我也懒	1
车是京A还是B，我没摇到号呢太真实了	0
哈哈哈哈哈真实	0
被几个丑吃播给弄的印象标签	0
哈哈哈外地同学带孩子来北京，都超级向往天安门啊什么的，北京小孩没专门去过，路过也无感	1
北京话小时候经常说现在不多了。比如：我不喜欢这衣服、真够切的；不穿、太掖囊了；我们老师特别烦、张妈似的；哎呦瞧那抠抠索索的样；你可真够轴的	0
30多年 从没爬过长城  春游秋游 凡是长城 我就不报名 嫌累  几个同学在家玩一天游戏机	0
我靠，突然想起来我有十几年没去长城了	0
我同事最不喜欢去故宫长城，因为亲戚太多了，每年最少7、8趟	0
好多景点儿都是小学春游秋游去的 包括升国旗 也都是学校组织的 自己不会去	0
哈哈哈哈哈，太真实了	0
北京话只是声调规律和普通话一样，把舌头捋直控制住不卷  可以上下左右转向但是一定不能卷  就是北京话，儿化音也是这么来的	0
太扯了！我儿子从小学到大学，班里就没两个能说“北京话”的，基本都是新移民了	1
北京的郊区县基本都是52-58这几年划进北京的，到现在也无非60年，两辈人。虽说也是110，但是和传统老北京确实还不一样，每个郊区也都有自己的方言，豆汁就更甭说了。	1
想证明是北京人有多难真的难	1
我去哪都能让人听出来，因为我吞吐音特严重	0
哈哈哈哈哈 地道	0
相当真实	0
给沏壶高哒，还得喊上那么一嗓子~	0
@小白兔和小灰兔都是小兔兔 哈哈哈	0
AUV我去过长城，可我不是北京人	0
是挺难的	0
拿出身份证 给他看前三位	0
这个鲨鱼有点可爱	0
@____Desire	0
有人说：你长得也不像北京人啊。我说：您怎么能以貌取人	1
除了不爱喝豆汁这点 完全就是我了	0
我们成人式去的居庸关，升旗仪式和在天安门参观也是学校组织， 我妈说小时候带我去过很多次故宫，但我太小没有印象了，前几年有展览和大天灯那一年大年29去故宫参观，人多到展览都没看完，在里面差点被挤死	0
哈哈哈哈哈	0
太真实了	0
真给北京人长脸	1
漫才？	0
哈哈哈哈小鲨鱼好可爱	0
哈哈哈哈哈哈哈哈哈	0
好可怜的小鲨鱼	0
喜欢去故宫、颐和园，没有外地亲戚，所以没有带着别人逛北京的困扰。疫情前每年都要去几次颐和园，站在昆明湖边心情无比宁静和开阔。长城倒是真没去过。	1
是真的没去过长城	0
哈哈哈	0
笑死我了	0
认知差异	0
这个有点扯	0
还真是绝了	0
哈哈哈哈	0
他不是鲨鱼吗？怎么是北京人？	1
哈哈哈哈哈，太真实了	0
北京人为啥要证明自己，新北京人算么	1
长城那个太真了，我大学时候一起出去玩玩，有两个北京同学就是故宫长城都没去过	0
长城是有娃以后带娃去的	0
没有Y	0
逗死我了 “那句长城我没去”过太真实了 我身边所有北京同学 没一个去过长城	0
没啥推荐的最传神	0
哈哈哈哈哈 还真是	0
哈哈哈	0
哈哈哈哈哈 我也没去过长城  没看过升旗 不爱喝豆汁 没摇到号	0
只有出租车才是京B	0
哈哈一般本地的就是这样，景点没去过，没啥可推荐的	0
北京有哪些推荐的景点？没什么推荐的，在家躺着最舒服…	1
没去过故宫天安门的北京人不多吧，小时候少先队入队就是组织登城楼	0
劳驾师傅……问路问事的固定句式	0
嗝…捏了两根丈母娘炒的咸菜丝	0
真的是一毛一样，为了孩子才第一次去了故宫长城	0
还真是这么回事	0
哈哈哈哈哈 放弃抵抗了最后	0
前门楼子，胯骨轴子	0
有一回春节去了趟天安门，想着人能少点，结果去了人山人海，一大爷问我，你哪人，我刚开口，哦 东北的吧？我说也不能是北京的，哪个北京的跑这凑热闹。我….嗯 我是东北的	0
很真实 没什么推荐的	0
记得以前在哪看见过，有个说法，北京人就是：1、户口本上有一栏出生地是，北京报出生，2、就是外地迁入北京户口满30年及以上的	1
过于真实	0
@咕嘟咕嘟咕咚咚咚	0
哎呀扎心除此之外，我也就帮同事纠正过几次大栅栏的发音吧。。	0
同没去过长城哈哈哈哈哈哈哈	0
有人说我说话不像北京的，我以为我见了他们自动改成普通话他们听不出来，后来发现他们认为的北京话是南城的，我不是不会说，只是跟南城人才那么说	1
我真的遇到过人说让我说个北京话听听	1
哈哈	0
哈哈哈，这不是好看不火的抵抗嘛	0
哈哈哈哈哈哈	0
95年的 长这么大没去过长城，第一次看升旗是小时候儿童节社区组织活动带我去的。第一次去故宫是疫情前的冬天 还是因为熬夜打游戏 天亮睡不着 又赶上下雪 扛着单反就去了 游乐园吧，还是最喜欢北京游乐园，小时候爸妈来带我去玩儿 有很多美好的回忆。可惜那个游乐园早就没了	0
笑死哈哈哈	0
啊这确实，我也没去过长城	0
大学同学来北京，带她去长城，我在下边坐着等她，让她自己去爬	0
哈哈哈哈哈哈哈哈确实很难！！！	0
哈哈哈，好生动形象	0
真实	0
能体会到	0
昨天才看过，看了三遍笑了三遍	0
笑死我了哈哈哈哈哈哈长城我也没去过	0
哈哈哈	0
最后这两句真笑出声了	0
这叫一个地道	1
哈哈哈哈哈哈	0
@我从小就不喜欢吃肉	0
@杰瑞要早睡	0
哈哈哈哈	0
哈哈哈哈哈	0
真是	0
哈哈哈哈哈	0
这小可爱鲨鱼🦈，让人想起那个央求妈妈买披萨的小鲨鱼了	0
确实挺难	0
没去过颐和园，爬长城逛故宫是陪外地朋友	0
@刘阳大猫 北京人太难了	1
我儿要儿玩儿影儿魔儿	0
哈哈哈哈哈哈哈哈哈哈哈哈	0
笑死了😂其实北京人也算有口音的，但是现在小孩有口音的少了，可不就只能盖了帽了吗	1
不是京a 不是京b   是京c的	1
@钱钱钱钱钱女士	0
@朱小姐姐________	0
我喜欢喝豆汁儿	0
《京B》	1
路嚯天门，奔大烂儿，前嗯大街，来碗烧嗯草，没提了，真盖了帽了	0
怎么算是北京人？我觉得是祖上三代，起码两代人是北京土生土长的，那些父母外地过来，孩子在北京长大的不算。我觉得北京人挺贫的。	1
hhhhhh	0
口音不大正	0
我们北京人为什么要证明给他们我们是北京人	1
听外地同事说，开口直接cn大爷的，就是北京人	1
@瓜瓜龙_	0
哈哈哈哈哈哈好真实	0
@德玛西啦 嘿嘿嘿枭哥 我的老baby	0
笑呲了	0
转发微博	0
这3D动漫做得太好了	0
哈哈哈哈哈哈哈不看评论都不知道盖了帽了是什么意思也不爱喝豆汁儿	0
北京好多地方都没去过无法给别人推荐我这个假北京人	1
@迷途の猫 哈哈哈，改天我让洋仔给表演一下。	0
@机智帅气的老王	0
@凯瑟琳MJ	0
@tin0126	0
@杨树底下羊尿尿	0
告诉他：京B是出租车🚕	0
哈哈哈，这货b站有号，经常看，挺逗的	0
颐和园 下大雪的时候去巨好看	0
@小肉丸的饲养员	0
@Galdys_koki	0
@想被男神公主抱的小肥皂 @实系小默 哈哈哈哈哈哈哈哈哈哈哈哈哈哈哈哈哈哈哈哈哈哈哈哈哈哈哈哈哈哈哈哈哈哈哈哈哈哈哈哈哈哈哈哈哈哈哈哈哈哈是我	0
@大意精讲三国	0
@十字路口的谦卑低头 笑死	0
我是北京人，但是，真是盖了冒了……是啥意思？	1
回复@梦想家黄小凡V:每次去真不知道该去哪里玩，没啥景点，满大街路过一堆火锅店…	0
回复@忙得没空理你:需要矫正下	0
这个鲨鱼特效还挺好玩	0
回复@大明给事中:我三十多年了	0
形象，哈哈哈哈	0
回复@画画晓辰:哈哈哈，这位同学很了解啊！	0
这明明是女生宿舍！！！！！为啥俩男鲨鱼在女生宿舍！！！	0
回复@时晓彤:哈哈哈哈哈哈哈哈	0
回复@Viola谁敢说我不美:绝对不去，全是人，干嘛去呀。	0
回复@克里斯汤:不用证明，骨子里东西。骨子里的东西，很难被学会，	0
回复@忙得没空理你:跟您关注的一样。	0
@ChicChivalry	0
很正常，不是有句话说，家门口的风景都不是风景。	1
回复@俄乌之战今天结束了吗:人少的时候带娃转转吧，还是很好玩的	0
在儿子12岁时一起爬了一次长城，完成了40年来的夙愿	0
回复@Hikari_安:北京动物园费腿不，想带4岁的娃去玩	0
确实如此 哈哈	0
@BTbt虫	0
挺真实的 从初中在qq上别人问我北京推荐去哪儿玩我就说没有 到现在30出头儿了倒是周末老逛公园了……	0
太假了	0
梦里啥都有   建议哪位闲出屁了编个前妻视角离开前夫和闺女儿活成姐妹花的故事没准还能再收获一波流量	0
真假不论，老婆在家手动拖地，把脏衣服再手洗一遍，还落一身埋冤，真是倒霉催的	0
人到中年，我跟老公离婚了，儿子归他，女儿归我，房子一人一套，我拿回了我买的车。女人有时候就要洒脱，。。。	0
哈哈哈哈哈哈哈哈哈哈可是他想没想父子俩8/9000还有妻子和女儿的花销那你就正好1w8这不是快2w……数学是真不行哥们	0
真假不说，确实有很多已婚人士，其实根本是不适合结婚的，害人害己，一大家子个个痛苦	0
假不拉几的	0
这个女的婚前也这样？本就是飞在空中的雁，被他用爱折断了翅膀，扛下了两胎怀孕生子养育的辛苦，最少6年的家族家务的磋磨，变成了今天这个样子，还被抛弃！！！现在孩子也快没了	0
故事编的很假，但事儿的确是那个事儿。就像俄罗斯动员兵上前线排名第一的理由是闲老婆唠叨太烦，很多夫妻感情基础不够，就是搭伙过日子，如果还一大堆矛盾，不如散了自己过。	0
知乎，分享你刚编的故事	0
为什么觉得假呢？我身边就有这样的，不能说完全一模一样，但是很接近啊	0
这是离婚男人还是大三小崽子写的。	1
多大仇编这么假个故事安慰自己，这不显得更可怜了么，你摆烂生活只能更烂而不会变好，除非是在你梦里。	0
哪个体制内三万多啊，还不是领导，我也考去	0
这是孩子大了不用怎么管了 小孩子三岁之前离 这么带娃方式试试	0
当人少了牵绊顾虑确实要少很多	0
逼乎	0
这踏喵也能信吗？	0
少了俩人一车一房，当然少了一半以上的开销，做学问，要做的认真一点好吗，小编扣工资的	0
假得不行	0
所以不婚不育保平安，建议大力推广	0
这届网友太聪明 都知道当故事看	0
故事编的特好	0
看到家务20分钟那里就麻烦躺合租房的写手不要臆想了，你那转不开身的猪窝要想保持良好运转也未必两天20分钟能搞定	0
月薪三万税后才多少？做家务只有洗衣服拖地吗？不擦桌子擦厕所擦厨房？不做饭全部外卖？而且怎么做到生两个孩子两套房一辆车，存款还能全部还掉房贷的？	0
不管真假，有时候就是这么回事。我做饭20分钟就该下锅的下锅，该收拾的收拾了。我媳妇得墨迹俩小时有时候我真不知道她把时间花哪了。当然了，钱自觉上缴，差钱和她要，这点还是很好的。想买摩托了，促膝长谈了两次，答应先学本，明年生日前预算5w，给我拨款	0
微博劝人结婚 知乎劝人离婚	0
其实男人完全可以和兄弟结婚嘛，各花各的，女人还不落埋怨	0
字太多，文案又像讣告，没看直接看评论了	0
是不是做梦娶媳妇生孩子再离婚？	0
两个人过的还不如他妈一个人过的日子，那为什么要结婚？	0
假的一批	0
女拳：没有责任心的男人不要也罢	0
恭喜女孩子	0
十点了，差不多醒醒吧	0
这是什么铁饭碗一个月轻轻松松就两万还能和领导翻脸	0
逼乎 一个编故事的平台🙊	0
看的真痛快	0
有梦想谁都了不起	0
女人会影响拔刀的速度	0
孩子最难带的时候过去了，你当然认为带孩子不辛苦。	0
只要是活的舒服，孩子没走歪路，就挺好	0
这叫摆烂？真实准确正确，多了不说，免得…。赞一个	0
挺好的，有人会活，有人被困在内卷严重的环境里	0
羡慕死了	0
说的很对，结婚要还没一个人过的好，结婚为了什么？就为了有个种？那太不负责人！这就是为什么现在婚育率下降的原因。	0
一个月花五千还天天打车 我是不信的	0
曾经感同身受	0
哈哈哈哈编的真假，哪个女的碰上这样的自私鬼才是倒霉	0
按照父子俩八九千计算，四口人两万开销不对吗？？？不说和前妻的相处，单看他，我感觉幼稚自私自大，还是自己吧。	0
这也太假了	0
避开了做饭这件事儿 但凡进过厨房的 都不敢说 厨房的工作轻松	0
除了孩子那块，别的地方都是真的…！	1
我怎么觉得说出了不少人的心声	0
人为什么要结婚呢？？这谁定的概念	0
我觉得就是有些理想化 但是不能算编	0
这届网友不好骗了，都知道知乎是编乎//@人间探索者小粥:哈哈哈哈哈哈哈哈哈哈可是他想没想父子俩8/9000还有妻子和女儿的花销那你就正好1w8这不是快2w……数学是真不行哥们	0
意淫一下得了，五分钟白日梦然后该干嘛干嘛去。	0
不结婚，就不会欠别人的债。男女都一样	0
爷们儿	0
体制内能月入三万？？？我可能入了个假编制	0
这是科幻性幻想	0
二十分钟的收拾能叫收拾？	0
还不如不结婚真的	0
主要是婚姻里，女人管的太多了，适当放手，老公爱咋咋吧，不换衣服他自己臭，不吃药，他自己难受，咱们过好自己，人到中年，没准还能换个年轻的小哥哥，多好！凡事都要看开，别管太多，能干就干，干不了就拉倒，天塌不了，人死不了！	0
果然人生三大喜事还是：升官发财死老婆	0
从知乎说的对……以后就没法看了	0
可以，一个月攒一万，知乎er挣都挣不上一万	0
体制内三万月收入得是多大的官哇	0
二十分钟家务，好能扯淡啊，一下就被我识破了，厕所超三天不刷就会变黄的。高达的模型我怎么觉得是八零后的玩具呢	0
挺好，没什么假的，男人就要对自己好些。	0
我是女性，我觉得这哥们没毛病！挺好的！大家都放飞自我自己过好了孩子才能好！	0
无欲则刚	0
看到考完试带儿子去吃麦当劳我就震惊了	0
该摆烂时就毫不犹豫的摆烂	0
儿子真的愿意跟你当兄弟吗	0
附议//@小小小小小小in:可以有//@睡五季:梦里啥都有   建议哪位闲出屁了编个前妻视角离开前夫和闺女儿活成姐妹花的故事没准还能再收获一波流量	0
@郑雨渲·	0
希望这样的男人永远不要结婚。	0
什么正式编的工作能有一万多的工资浮动？	0
主要他们要还房贷 可不一个月不够花 得攒钱吧	0
我自己一个人过都没那么潇洒	0
@养无聊冷场王 🤔	0
有编制，两万的工资，分享你刚编的故事	0
缺个烘干机啊	0
婚姻给男人带来了什么	0
爽文确实是爽文，不过里面的中心思想不结婚就屁事都没有我是真的赞同	0
人间清醒	0
分开挺好，这么一看，女方何尝不是在煎熬，等这种放飞的日子过腻了，千万不要再想找个女人，放过自己也放过别人	0
一般这种摆烂的人 都是又穷又没本事的 呵呵	0
吹牛警察不管 是吧？	0
家务方面不做评论，教育孩子方面至少可能取材真实，我一个女的都承认有时候对孩子放手才是最好的	0
不好的婚姻就像尿床，暖一阵子，冷一辈子	0
牛逼都踏马让你吹尽了！	0
两个人八九千？那四个人你告诉我是多少	0
...看了不知道多少个版本了这个	0
@哆啦A梦-韩 爽文和现实差十万八千里	0
拉屎小故事一则	0
如果是真的，只能说，这男的没良心	0
说假那是因为有些女的怕自己老公看到效仿	0
不会吧不会吧 这种小作文不会真的有人信吧	0
这是不是B站杰哥的广告贴？虽然我不知道谁是杰哥	0
我有两个女儿，以后我不强迫她们结婚	0
大手大脚一个月八九千，这是几线城市？	0
等一波前妻和女儿过成姐妹，这种破文章有人信才真是够逗的。	0
这有什么可蛊吹的？三观就不对	0
很多人说假，但我觉得不见得。我离婚的时候身上没一分钱积蓄，还要还前夫借的我的信用卡卡账，当时工资才3000多，一个人租房，条件不好，女儿抚养权没争过来。现在父母，女儿都和我住一起，虽然买不起房，但是租了大房子，每个月能存钱，还能照顾孩子和父母，觉得很幸福了。	0
什么责任不想付，自己就管自己的自私鬼确实适合不结婚。	0
比较负面不适宜宣扬，虽然感同身受	0
网络爽文	0
关键是跟领导拍了桌子，工资只减少三分之一还不会开除所以为人要当体制人	0
就算家里有洗衣机，洗碗机脱离机，家务也不可能 20 分钟就能做完。我晾个衣服还得 10 分钟，骗谁呀？每天家里那么多家务活，不用干？刷马桶有自动刷马桶机吗？	0
如今网络环境，写这玩意有什么屁用？把性别一换，直接可以连载去了！这兄弟没有抓住流量密码呀	0
问问他每个月交多少说就知道真假了	0
不结婚你一对子女哪来的，老婆给你生了孩子把最美好的青春给了你你还想要怎样，没担当只想自己，老婆女儿下半辈子怎么过	0
我比他当初还惨，家里什么活都是我干，每天上班挣钱，还整天被骂。	0
兩人八九千跟四個人兩萬多好像也沒什麼區別	0
不管真假，看着挺爽	0
没有前妻，你也没有那一双儿女	0
真人在哪里	0
@DAYDREAMS13	0
这怎么是摆烂呢这才是生活啊	0
不管真假，你活出了我羡慕的人生。	0
这想明白的也太晚了…	0
女儿每月抚养费没编进去	0
所以为什么当初要结婚	0
生活本就如此，一地鸡毛，鸡飞狗跳。MD想到婚姻就浑身不自在。	0
一个失败者的自白	0
女的放飞了同样能过的潇洒 唤来第二春	0
现在只有睡着了的时间是我自己的	0
哥们儿醒醒，到站了	0
前妻的视角真的是算解脱了	0
这明显是甲胄广告	0
瞎编	1
如果这是真的，感觉他就不应该结婚。一人多好	0
啥工作呀，月入三万	0
扯	0
人到中年～	0
起码为中国贡献了俩孩子，点赞！	0
俩人花八九千，四个人两万没太大毛病	0
这不是几年前的段子？这么多年都没改过	0
文章就是文章，现实就是现实，人只为自己活，别人也不会为你做什么，你要是在乎挽联相送，就不会想马革裹尸。任何事都是双面，选了就别后悔，男人应该有担当。	0
@Z小卷卷儿 摆烂	0
这过的没错啊，本就该这样	0
Yy	0
前提是 你摆烂之后也得有两万的工资	0
MD我居然看完还挺兴奋的，一看评论恍然大悟	0
要把主角性别换一下流量才会更多	0
周末爽文，加班不累	0
牛逼，这个也不像假的，别人的经历你永远无法理解	0
我觉得是真的，因为我就是离婚以后带着女儿，活成了姐妹，感觉非常好	0
但凡有盘花生我不用醉成这样	0
小作文满天飞	0
现在知乎也能信？	0
兄弟梦做的不错，下次别再做了	0
太假了 知乎吹水的平台	0
码完字，接着洗碗拖地打扫卫生	0
为什么我觉得挺好的，这样大家都不焦虑…	0
假得我让人忍不住	0
看到好多人骂 那我就退出了	0
我才不信	0
前提是有钱	0
我要是也有一对儿女，不结婚，我也很开心	0
？	0
真实	0
虽然是写手文 但男女都意识到婚姻没意思也挺好的 总比过成一对怨偶强 这种文章多了 也没人天天催婚了 一个人多爽 自己舒服最重要	0
家里人数少了一半，工资只降了三分之一，还还掉了房贷，那不是当然每个月有钱余吗？我不明白他为什么要结婚生孩子，不然可以两万块一个月当神仙	0
嗯？俩孩子不是老婆生的吗？	0
羡慕正式编	0
没有两万底气…什么也没有	0
作者挺有创意，但明显缺乏生活，故事编得似空中楼阁，有瞎基霸扯之嫌。	0
我碰到的都是性别倒过来的	0
很多女性总说做家务累，做家务耽搁时间，但是吧，我感觉是她们做家务总是来回跳，不会专心致志做一件，这个做一半去做那个，最后做得稀碎浪费时间。还有一些是由洁癖，非得做好多无用功。//@股海神手常凯申: 祝愿螺总三胎//@陈流长://@不再拿螺丝戳你了: 挺好的。	0
反正我每个月基本都不怎么花钱，很容易攒钱	0
分享你刚编的故事	0
男的确实不咋花钱，只要不沾赌，吃点喝点能花多少	0
太假	0
现代人根本不适合婚姻	0
挺好的呀 停止互相伤害	0
人到中年，我跟老公离婚了，女儿归我，长得越来越像他，诶……他觉得我收入低，所以房子一人一套，他不知道有人贴我……我拿回了我买的车。儿子归他，其实儿子也不是他的，听儿子他爹说，那位最近还和他拍了桌子，自己降薪了	0
看完了，感想就是纯扫地机器人的话拖一遍地还是有必要的，不知道那种扫拖一体的怎么样？	0
不一定假，林子大了什么鸟都有	0
满满全是臆想	0
这得过去活得夺憋屈才能活成现在这样子还脚着挺好啊	0
评论都说是编故事哎	0
@OREO奥酱	0
说什么买房假离婚，我刚办完离婚手续，孩子爸就跟别人马不停蹄去拍了结婚证登记照，老天爷都可怜我被我洗衣服从兜里发现了。	0
@OREO奥酱 丹姐看看	0
要平等//@睡五季:梦里啥都有   建议哪位闲出屁了编个前妻视角离开前夫和闺女儿活成姐妹花的故事没准还能再收获一波流量	0
@Charles_wl	0
看完很爽，管他假不假	0
回复@哼我轻松拿捏你:我们北京七零后保证比你有资格说话。	0
回复@哼我轻松拿捏你:北京人不着急	0
就想知道哪里有两万还可以摆烂的工作？。。。	0
回复@BJ40_飞翔之翼:哈哈哈	0
此话说的在理	0
小说	0
傻子才结婚呢	0
回复@IT民工_晓天:普通职工也这么高么，我想跳槽	0
一看是知乎上的帖子，就知道不能当真，随便当小说看看得了，谁当真谁傻	0
回复@勇敢的阿呆:就算不需要核酸，学校里的事能一概不理？ 就算他小时候，他父母多少跟学校还是联系过的。怎么可能一次也不跟学校联系。家长会一次也不去？	0
回复@扁扁没有大富大贵: 你这怎么这么矛盾，你们家饭分开做？ 还是你做中饭他做晚饭？ 不然你买的肉蛋鱼哪去了？ 还有家里的开销都是你在花，你多少是买给自己的，多少是买给其他人的，还有日常家用的？	0
回复@万物有翼2019:那不是，有些人就一个人吃好喝好，只管自己，视任何他人事物为累赘。他们自己过很潇洒，但结婚了还想照样潇洒是不负责任。有些人真的不合适结婚。比如有很多丧偶式育儿。	0
回复@哈迪斯的小明明:大国企多的是，几桶油了解一下。	0
回复@Cameron1896:你可能不知道什么叫事业单位的住房公积金	0
看到月薪降到2w就不看了	0
@野野大王Savage	0
剪刀那个管用吗？	0
叠被子这个纯属复杂化	0
小苏打才是万能的	0
回复@无敌小飞侠赵小色:谢谢你实践侠，我就不再费劲了	0
第一个洗黄领子的招数真管用吗？	0
我不相信衣服黄成那样了 你还会穿	0
被子那个试过了，完全不能完整的翻过来，会皱皱巴巴团在被套里，然后还是得手动四个角逐个弄	0
就知道 一定有小苏打！	0
『收藏但是需要的时候还是不知道去哪翻』系列	0
翻被子…本来一个人不动窝就行，这得俩人，要不然就得一个人来回跑	0
车里，一面国旗，一面党旗，可见此人有多么正直	0
中华美德，心地善良的人！	0
好心人还是多的，老人没事就好	0
这老人很正直年轻人也一身正气	0
车里有行车记录仪	0
不是男朋友吗	0
家底就是底气	0
如果不是插着那面旗子，还会被报道吗？	0
【#老人骑车摔倒男子立刻停车冲去救人# 】	0
就这样可能都会有人说老太是被你车撞的飞出去那么远的，有行车仪才是最好的👌🏻，好人一生平安	0
望平安	0
要平安无事啊	0
我	0
党员	0
那是因为他有人给录像取证，才不怕被讹	0
车里一面国旗，一面党旗，一部可以摄像的手机	0
不差钱	0
豆瓣不想评论	0
哪有斑马线？	0
救死扶伤，当代雷锋	0
明天就让你骑自行车	0
爱国的好青年自然差不了	0
看那面旗子，我懂了	0
善良的人	0
下次你是不是要报道扶老太太过马路	0
这是有钱人	0
蒋女士和男朋友在拍摄，她老公冲过去救人	0
洗衣鸡	0
这当妈的幽默感实足啊！真敢用 洗衣鸡！	0
我掐指一算，这位妈妈是95后	0
妈妈应该教育孩子珍惜粮食，让他自己吃了	0
把衣服脱下来啄不行么，孩子挺难受的	0
我崽身上粘的饭粒，我让我家狗崽子吃了	0
洗衣坤	0
看得我有点犯密恐。。。	0
出现了！只因🐔	0
小时候有个大公鸡和漏嘴巴的画书，这个是现实版吧。	0
如此清理米饭第一次看到！	0
一举两得！我们要始终牢记：不浪费一粒米。也让鸡享受一下“移动豪华大餐”	0
看来麻麻也是一个很有趣的人啊！	0
这妈妈太有生活了	0
这不就是我一直想做的事情吗？每次娃完饭之后，我都希望能有个小鸡小鸭的，粒粒皆辛苦啊 真的不想浪费，又没办法	0
清洁鸡	0
聪明	0
如今的小孩体验不到了，但是曾经那个时代这种情况非常普遍。	0
注意小鸡	0
洗衣只因	0
哈哈哈哈哈哈哈哈哈哈哈哈哈哈哈哈哈哈哈哈哈哈哈哈哈哈哈哈哈哈哈哈哈哈哈哈哈哈哈哈哈哈哈哈哈哈哈哈哈哈哈哈哈哈哈哈哈哈哈哈哈哈哈哈哈哈哈哈哈哈哈哈哈哈哈哈哈哈哈哈哈哈哈哈哈哈哈	0
当心小鸡鸡啊	0
做了我想做又没条件做的事情～我儿子吃饭我就跟他说，咱家如果养只鸡🐔都不用喂食的，每天饭点蹲在你椅子下面就行了	0
鸡:这里有只虫子	0
-	0
。。	0
@BaupleNut	0
@是三米阿	0
@Lyeye	0
大户人家，我家没有洗衣鸡，我只能手择	0
我也是这样的	0
清洁鸡	0
只因你太美	0
🐔你太美	0
这脑路	0
现在的鸡还管洗衣服	0
哎哟 你干嘛	0
鸡你太美	0
🐔你太美	0
只因	0
宝宝:你干嘛~哎呦	0
蔡徐坤	0
这不就是我一直想做却实现不了的	0
鸡你太美。	0
哈哈哈哈哈哈哈哈哈哈哈哈哈	0
漏嘴巴的故事	0
好办法	0
这个可以	0
@EUXUYOAG	0
哈哈哈哈哈	0
@leaf小虾 洗衣鸡	0
@e薛定谔的猫啊	0
这清理办法好，不浪费！	0
到时候身上的跳蚤比米饭多	0
我每次都跟我儿子说你吃这一身鸡都能喂饱了，没想到这来真的了	0
@今天我很Okey	0
夺笋的妈啊哈哈哈哈哈哈哈哈哈哈哈哈哈哈哈哈哈哈哈哈	0
哈哈哈哈哈	0
人体盛	0
啊哈哈哈哈哈哈哈哈	0
哈哈哈哈哈哈	0
哈哈哈哈哈哈哈 ，童年的好朋友	0
@阿廖纱D	0
笑4！哈哈哈！给我儿转发，下次不好好吃饭就在他桌子下养个鸡啄！	0
一看就是人工黏在身上的米饭，别问我为什么，问就是你对	0
为了拍个视频还养了鸡 真是斥巨资了	0
小宝贝有点乖	0
简直可怕，禽类身上很多病毒的。	0
哈哈哈哈哈	0
哈哈哈哈哈哈哈哈哈哈哈哈哈哈	0
晚上吃鸡！	0
小鸡啄小鸡鸡@弱智吧日常	0
@景之岛屿 哈哈哈哈哈哈哈哈哈洗衣鸡，干洗洗衣鸡	0
亲妈	0
随州 人才	0
自动清洁鸡	0
做了我想做的事	0
@云流入梦里	0
哈哈哈哈哈哈哈哈哈哈哈哈哈哈哈//@阿波罗Jerry:你是懂文学的//@suan容:洗衣鸡	0
#2岁男孩米饭掉满身妈妈抱着让鸡啄#这洗洗鸡真是自动的	0
亲妈	0
全自动智能洗衣机，哪里脏了洗哪里	0
真，马杀鸡	0
夏天可以吗	0
这方法，牛	0
有思想的家长，小鸡仔们吃美了。	1
哈哈哈哈哈哈哈	0
@什么奶已被占用	0
@普通学术民工 哈哈哈哈哈哈哈好办法	0
无聊	0
哈哈哈哈，小时候不是有个故事就说吃饭漏嘴巴，鸡啄了他身上的米粒	0
#2岁男孩米饭掉满身妈妈抱着让鸡啄# 好怕鸡下嘴没轻重，啄到肉	0
让鸡吃了最后也不算浪费。	0
保护好坤巴	0
唧唧复唧唧，小鸡啄小鸡	0
小时候故事书上就是这样的 小孩吃饭掉米粒 小鸡跟着啄身上的米	0
@好悍不提当年勇 屁屁有了新工作	0
《生物防治》	0
机英经	0
@No100大长腿嗷喵喵	0
👶🏻：这个好玩，下次多粘点	0
羡慕人家真闲！	0
刚喂完饭的我看的解了一半气了	0
这个萌娃还好，没穿开裆裤，不然的话不开设想呀	0
还好没穿开裆裤	0
这叫新闻？	0
幸好不是开裆裤	0
这要是活裆裤	0
看着都疼	0
又有点好笑，又很想同情这个宝宝，疼不疼啊，怕不怕啊	0
太危险了，这妈妈心真大	0
想起小时候被一只公鸡攻击，直到现在都还是怕公鸡	0
食衣鸡	0
可以	0
我也这么干过，感觉我家鸡眼神不太好使	0
跟小鸡玩的比较熟	0
@红色肥胖美丽	0
我们家说吃饭埋汰就说能养鸡了	0
这条新闻真不错	0
不算虐待？	0
90后真的长大了！！！！	0
以后都会害怕鸡，我小时候就被鸡叨过	0
笑死掉	0
#2岁男孩米饭掉满身妈妈抱着让鸡啄# 鸡🐔：按摩费，一分钟50，请问，扫码还是现金？	0
我看成了2米男孩	0
你干嘛啊	0
哈哈哈	0
万一🐔🐔啄到🐔🐔怎么办	0
哈哈哈哈哈哈	0
鸡饱了，吃鸡，闭环	0
随州的事	0
然后我儿子会觉得很好玩  下次继续把饭弄衣服上	0
这不就是我们小时候那个动画变现了吗	0
，	0
小孩儿:6	0
一不小心给眼睛啄瞎	0
🐔：为这个家炒碎了心	0
为了拍个视频还养了鸡 真是斥巨资了	0
感谢鸡哥，只因你太美	0
感谢鸡哥，鸡你太美	0
两全其美	0
洗衣鸡🐔	0
@晓彤晓彤心想事成	0
啄鸡鸡鸡	0
@auglhh	0
每个幼儿园都需要鸡	0
。	0
你干嘛，哎呦	0
@nate-tian	0
别穿开裆裤就好	0
鸡米太美🙉🙉🙉🙉	0
这个属于“干洗”吧	0
鸡：我没吃饱！	0
小心小鸡鸡	0
你干嘛哈哈哎哟	0
妙啊	0
我家都小学了还是掉饭，我想起小时候看过的漏嘴巴大公鸡，气的我	0
有没有一种可能裤子是可以脱下来了	0
@璇璇agatha	0
我小时候看过这个寓言故事哈哈哈哈哈	0
6	0
看成了2米男孩	0
现在都这样玩的吗？有意思	0
回复@梦啊梦Diana:长长记性	0
洗衣鸡的由来	0
我不用看评论区都知道	0
这届妈妈很优秀	0
小鸡好乖	1
我最烦这种声音来源的视频，没有之一	0
转发微博	0
这点米，鸡不够吃啊	0
哈哈哈	0
@一颗不愿透露姓名的茶叶蛋	0
直接把衣服扔给鸡不好吗	0
我幼儿园时候就有这么一个故事，自此以后吃饭没吃都一粒不剩	0
得先有地方养鸡	0
@ZHANGYAWE1	0
开庭时把小孩抱上	0
@社畜回家了	0
这……就离谱	0
@豆豆儿Carrie	0
亲妈	0
洗衣“鸡”～	0
转发微博	0
只因饱了	0
🐔：你干嘛～哎哟～	0
我姑娘在老家吃饭，也有两只鸡当跟班在后面捡饭吃	0
坤坤	0
笑死哈哈哈😆	0
鸡：你多冒昧啊	0
回复@suan容:哈哈哈哈哈哈	0
密恐。。。。。!	0
这洗衣鸡不错	0
看来要养个宠物了。	0
哈哈哈哈哈哈谐音梗扣分//@suan容:洗衣鸡	0
半自动洗衣🐔	0
鸡鸡啄鸡鸡	0
我早走这个想法 就是没鸡	0
@莹颖颖颖	0
只因你太美	0
有一个绘本故事，叫漏嘴吧，跟这个一模一样，哈哈	0
这是亲妈吗？	0
小鸡啄小鸡鸡	1
@七年已逐 笑死我了	0
@张艺兴	0
#2岁男孩米饭掉满身妈妈抱着让鸡啄# #2岁男孩米饭掉满身妈妈请来洗衣鸡#🐔：谁知盘中餐，粒粒皆辛苦！！	0
@林慕青_	0
哈哈哈哈哈哈哈	0
亲妈系列 hhh	0
吃饱开始打篮球！！！！	0
为什么觉得很搞笑哈哈哈哈	0
🐔你太美	0
人造米槽	0
田园生活	0
脱了裤子不行吗	0
孩子：我再也不敢掉饭了，好恐怖!	0
这办法挺不错的	0
我儿子一吃饭我就觉得饭桌下要是有只鸡就好了	0
不疼吗	0
小鸡:感谢大自然的馈赠	1
@油泼辣子我的最爱	0
现在哪儿有洗衣服的鸡啊	0
好可爱，特别是把宝宝的腿腿提起来的时候	0
不浪费哈哈哈哈	0
是亲妈	0
啄裆过分了	0
挺好玩的	0
真亲妈	0
鸡鸡啄鸡鸡	0
啄到小鸡鸡了有点危险的吧	0
鸡：这次的食槽挺别致呀	0
日常狗屁新闻	0
还好不是开裆裤	0
真洗衣鸡🐔	0
ikun	1
我儿子每次吃完饭地上掉的都能喂饱一只鸡	0
为嘛不把裤子脱了，	0
米掉的还挺整齐	0
鸡能吃饱吗	0
围兜呢？	0
@苏卿丸子	0
有母爱，但不多	0
@大大大果酱_	0
真是个好妈妈	0
90后果真和80后不一样。悲催的20后	0
挺好的~等以后有小孩了 买只洗衣鸡放家里备着用	0
是我大随国的	0
果然上热搜了	0
@新垣皮蛋	0
要是我家小朋友，以后天天把米饭占满全身跑去喂鸡	0
你把他裤子脱下来不就不用举孩子了吗	0
哈哈哈哈哈哈哈哈哈哈哈哈哈哈哈哈	0
我看成了2米男孩米饭掉满身	0
不会把衣服脱下来啊？	0
大自然的力量	0
挺好的，不浪费食物	0
我想起来罚罪里的常征怕鸡的场景	0
有穿裤子，没事	0
@雪糕w	0
转发微博	0
别倒着让孩子吐出来，那样鸡恐怕不吃	0
这动作不容易	0
有一次我宝也掉饭粒，姥姥说能养活3只鸡，可以我家没有	0
对不起，看成了2米男孩妈妈抱着	0
鸡啄的其实挺疼的	0
哈哈哈	0
🐔太美了	0
孩子：有没有考虑过我的感受	0
果然像我妈说的，掉的饭粒能喂饱只鸡	0
于谦他爸缺一个洗衣服的鸡	0
在	0
这	0
人才，果然是亲妈！	0
亲近自然	0
回复@吧啦吧啦的小太阳啊:哈哈哈哈哈哈哈	0
回复@菠萝喵喵子:养吧，泰迪，不掉毛，聪明，小体，不臭，粘人，会撒娇	0
回复@NiniDiana:洗衣机	0
回复@延生忍倦:哈哈哈哈哈哈哈哈哈	0
这也能当新闻	0
好办法	0
@甜甜也圆圆	0
@我不是建材	0
小鸡啄小鸡怎么办	0
孩子还得了按摩	0
，	0
这玩的好	0
小心鹦鹉热	0
把他的小鸡儿啄了去	0
重点是封宿舍多天……	0
活久见，大学生寝室让打麻将了	0
我也看哭了	0
不是，是因为这样的妻子多丈夫少，物以稀为贵	0
看到妻子到楼下了再开始炒菜，回来刚好吃热的	0
真的快过年了	0
好气	0
电商平台太卷了，我已经在买买买了，我的钱包啊。	0
期待着的优惠力度终于到来了随时准备剁手呢	0
这么大的优惠力度必须安排起来了不见不散呦	0
电商平台，巨额满减优惠。让人真的很兴奋	0
一看就是干大事的人，都开始发劵了	0
今年购物真的是考验着我们的脑力呀，有点玩不懂了	0
感觉我的钱包又要被掏空了	0
每一个电商平台都好卷的啊	0
连电商平台都这么远了，可见其他行业得有多难。	0
今年的双十一活动力度简直太大了，赶快剁手吧。	0
卷起来！！！	0
刚付完定金哈哈哈哈哈哈哈	0
网友们纷纷进入“买买买”和囤货模式切换到家🙈🙈	0
继续卷啊，这样就能更便宜吧！	0
卷起来吧，让消费者有更多的选择，这样子才有意思。	0
感觉今年各平台这些玩法都挺有意思的，准备冲双十一了。	0
太内卷了，想买的东西真的很多，要考虑好	0
真的都太内卷了，好多的优惠	0
我已经准备好钱包了，进入买买买模式，必须冲冲冲	0
我在想怎么才能得到最优惠的价格	0
太卷了，想买的东西好多啊，又要开始做数学题了	0
我就老实交代了吧，我学数学都没有这么努力	0
今个双十一我势在必得呀  冲了姐妹们	0
真的好内卷，钱包真的挺不住了	0
这下钱包空了接下来几个月都得吃土了哦	0
真的有好多要买的	0
他们越卷我们越开心啊每年都是这样最好了	0
已经付完定金了 大家手速都是好快的呀	0
心疼我的钱钱	0
钱包早已准备好  就等活动开始了	0
钱包准备好了啊！感觉好多想要的啊！	0
今年双十一说的快乐我不说反正我是已经疯狂下单了	0
各大平台真的是很卷啊 各种花样玩法	0
我也来接个作业抄抄啊！好多需要的	0
他们就使劲的开始卷叭，我要坐收渔翁之利啦！	0
今年的电商平台，太喜欢了，姐妹们准备吧。	0
真的是好多满减活动呀，太优惠了，双十一赶紧去囤货	0
必须冲冲冲！！	0
来了来抄作业咯	0
我已经迫不及待啦家人们一起冲冲冲	0
真的很考研消费者的脑力，我从好久之前就开始做攻略了	0
现在双十一都这么抢手了吗，各电商平台也是挺努力的	0
真的可以安排上了，没想到有这么多巨额满减优惠，好心动	0
能不能每年多一些双十一啊	0
没想到现在的电商平台都这么卷了好多玩法呀	0
太给力了，我都已经等不及了	0
双十一各大平台的优惠多多啊！你的钱包准备好了吗？	0
这么大优惠真的让人高兴，还不快种草	0
确实很值得我们去看看，太优惠了	0
双十一的优惠太大了，感紧准备囤货吧	0
就是跨店满减了，都是要凑单的	0
锄和日当午，双十一真辛苦💦	0
双十一到了，你的钱包准备好了吗？哎！准备剁手吧！哈哈哈哈	0
主要是真的优惠！卷吧！！！优惠多来点	0
这是我需要的了，想买的东西太多了	0
各大平台真的是各显神通，大显身手	0
来了来了，双十一给我码住了	0
他们就使劲的开始卷叭，我要坐收渔翁之利啦！	0
每年都在期待双十一呀	0
双十一真的越来越卷了，姐妹们囤货啊！	0
我的钱包空空呀	0
钱包肯定没准备好，双十一割不到我的韭菜	0
以前双十一挺能买，今年实在消费不起	0
提醒大家，谨慎剁手，防控疫情，防止再次在快递中出现传播链	0
看来今年的优惠力度会让人惊掉下巴呀，还是把自己的钱包准备厚一点吧	0
就看在今年电商平台这么卷的份上把今年的双十一钱包准备厚一点吧哈哈哈哈哈哈	0
双十一要来了，今年各平台真的太卷了，钱包要遭殃了	0
就双十一就是为了省钱，你就说省多少就好	0
我的钱包已经准备好了姐妹们听我的买起来	0
今年双十一优惠活动真的各种玩法，考验脑力的时候到了	0
不见不散啊，真的太有趣了，很好玩呢	0
各大电商平台也各显神通，纷纷更新玩法！	0
真的好卷  但是真的优惠好大  可以直接买买买了！	0
电商平台这也太卷了吧，必须买买买！	0
啊，军训服回收不应该给下一年的新生用么？	0
想想你为啥0评论	0
我破了羊水，自己提留着备产包挺着大肚子比我老公和我妈走的都快，不过我那时候还没阵痛，警察好暖好可靠	0
小恶魔在人间！！！广州荔湾金道中学	1
可以了解广州荔湾金道中学事件么？	1
一起保护江豚，保护环境	0
加油，一起保护江豚	0
助力生态环境，爱护我们的家园	0
让我们一起保护环境，保护江豚。	0
很有意义的技术	0
一起守护长江的精灵	0
要一起的保护江豚啊	0
一起保护生态环境，保护江豚	0
进一步助力生态保护	0
增强环保意识，助力生态保护	0
我们一起助力生态保护	0
好另人称赞的英特尔	0
保护生态环境，保护江豚	0
大家多多参与到环保当中来	0
保护好我们的生态	0
一定要保护环境，爱护环境	0
科技助力保护环境	0
一定要保护环境，爱护环境	0
保护生态环境从小就要抓去	0
助力生态保护，可以	0
要保护动物	0
越来越先进	0
一起保护生态环境，保护江豚	0
这个一定要保护环境，爱护环境	0
让更多的人参与进来，保护江豚，保护环境	0
爱护环境保护环境	0
很棒的技术	0
保护环境保护江豚刻不容缓	0
让我们一起为生态环境做贡献吧	0
一起做更有意义的事	0
进一步助力生态环保	0
保护环境，从这一刻开始	0
希望越来越多的技术能好好保护长江。保护江豚	1
助力生态保护	0
高科技产品好喜欢	0
环保，从你我做起	0
科学改变生活，改变环保	0
中国的发展水平真的是越来越先进了	0
一定要有保护意识	0
一起守护它们吧	0
一定要保护环境	0
保护江豚	0
饲养员更可爱	0
他们信就行	0
中了五块？	0
看哭了	0
好可怜啊🥺	0
可以关注下大同疫情吗	0
狗改不了吃蜜，真甜啊	0
养狗可能会遇到各种各样的状况，而被狗狗“拆家”也许算是很普遍的一种了...... 在饲养猫狗之前请三思，如果舍不得家具遭殃，那还是选择“云养”好一些...... 有没有被拆过的饲主朋友在评论区现身说法的？ #关爱生命善待动物# #负责任饲养#	0
这个好像是英国的一款设计师品牌沙发，挺贵的...	0
还是中华田园犬好，不拆家。	0
我还以为在约朋友来吃饭呢？	0
这狗，凉拌狗皮，肯定嘎嘎哏啾	0
这狗子反骨很重啊	0
忍人	0
今天咬沙发你不管，明日就咬你的脸！	0
上班还能挣钱，感觉很满足	0
又是别人家的公司	0
还能和同事一起diy什么的也太舒服了吧	0
真的是很有创意的一个体验	0
换成自己，同事只会白嫖吧费时费力还费钱	0
问题是 天天弄这个咖啡 有时间上班吗 还是老板人好 不然就去楼下自己买 哪里会让你浪费时间搞这些	0
挺好的，如果好喝，买谁的不是买？说不定买同事的还便宜	0
你实现了我的人生目标之一！我想把甜品店开到单位楼下，不过至今为止还是梦想	0
哦	0
只觉得老板是真好	0
厉害了	0
其实DIY咖啡还蛮好喝的，应该是这样的自己动手更好喝一些	0
这公司氛围真好	0
同事要喝咖啡但是突然有急活怎么办。。。	0
@爱喝咖啡的鸿鸿盖：可是我老板不会同意的。不过我公司同事也不是真爱咖啡。就我一人独舞	0
打通了不上班的渠道	0
淘宝的软广吧	0
公司不提供咖啡机和咖啡豆吗	0
@国瓷·永丰源 小瓷也想知道在公司里开咖啡店是什么体验！	0
感觉这是一个赚钱小商机诶，以后有兴趣创业的也可以这样搞	0
一帮员工上班时间又是拍私人视频，又是开咖啡店，这公司快倒闭了吧！	0
那还上班吗	0
我愿意坐下午茶旁边分分钟把办公室变家里	0
午安	0
为什么他们上班还有时间开咖啡店？	0
不用上班吗不用工作吗？这么多时间弄咖啡	0
我也想喝	0
这样都可以我也想体验一下哈哈哈哈	0
这个就很可了	0
和同事在一起快乐的氛围感绝对让人羡慕	0
#在公司里开咖啡店是什么体验#	0
有这样的同事也太美好了吧，	0
如果不是正经营业的咖啡店，请把文案中的“咖啡店”加引号，否则会让人质疑食品安全问题。	0
这个软广	0
巧妙地给双十一做guang告	0
有想法	0
@努力变瘦的墩墩 好有趣	0
这公司环境也太好了，老板和同事也那么好	0
好羡慕啊	0
我们这边就是有个公司用一个车间开了个咖啡厅，对外也营业	0
这公司也太好了	0
心灵手巧的女孩出来单干吧！	0
即能赚钱，又能方便同事，是个不错的创意。	0
在公司开咖啡店真是很有创意，是个赚钱的好商机。	0
#在公司里开咖啡店是什么体验#	0
美女做自己喜欢的事情。很开心快乐的。还可以和同事一起DlY	0
看得我想喝咖啡了哈哈哈！咖啡香好舒服	0
挣的钱老板收吗	0
感觉她们上班时间不是那么忙我每天忙到飞起	0
虽然是夸有创意 也夸了老板 也夸了公司氛围 有点像广告	0
天猫卖广告吧	0
这没什么吧，我们办公楼一楼就设有咖啡厅，可以刷员工卡喝咖啡吃冰淇淋还有面包。	0
那是因为人家是老板娘	0
这么通情达理的老板？领他的薪水在公司另做副业？	0
公司不收费的咖啡店可能是我们了，还有柠檬茶	0
这不是联合办公的装修嘛？	0
你咖啡泡得挺好的，以后就帮每个人泡咖啡吧	0
厉害	0
喔	0
额	0
工作中会有这样的空闲时间？你们正职是什么？是用工作以外的时间吗？哦，那是兴趣和爱好了。公司只是提供个空闲时间的地方给你们。	0
脑洞大开	0
也就是人事后勤能这么闲	0
我咋感觉是天猫的广告	0
这个真的不是天猫预热双11的广告嘛	0
@sh_sukkkm	0
@SyoCeon 放佛看到了买了摩卡壶后的自己	0
我们公司也有一个，后来直接全职做咖啡了，比上班赚的多	0
好老板我们老板就不行，这不行那不行，准备炒它鱿鱼	0
天选打工人！	0
换作我们公司 老板不骂你算好了	0
这是什么神仙公司 慕了慕了	0
我们老板恨不得每天24小时给他干活	0
天猫软广啊	0
这将不务正业发挥到极致	0
别人家的	0
还好是在北京，要是在上海又要被骂精致了	1
@Rofhl 说的是你吧	0
#安子日常小活动#	0
很有创意	0
我看到的都是广告植入	0
3点钟 饮茶先	0
要我这公司发出这样的申请，老板belike：工作太闲了？把这个那个也给做了	0
老板的租金和工资都是怎么谈的？	0
要办健康证吧	0
你们公司还招人吗？	0
公司氛围很好唉	0
大米粥拿铁，笑死	0
让人羡慕，还咖啡店呢，我们不到12点，放下班歌你都别想吃饭	0
转发微博	0
@LewTao_ 这是个什么神仙公司	0
是什么班呀？我也想去	0
这是哪家公司啊	0
这好棒啊 想要同款咖啡	0
可以参与其中乐趣一定很多。	0
又是别人家的公司	0
白粥咖啡，我要yue	1
可以自己亲自动手参与制作	0
别人家的同事	0
我也想要这样的运营小姐姐	0
好想在这这家公司上班！！自己DIY 咖啡，看着就很吸引人～	0
喜欢这里的环境！还有这么浓郁的咖啡简直太好了	0
一边上班一边赚钱还能经常喝咖啡太棒了	0
，本打工人也是羡慕了。	0
有这样的同事，上班都有乐趣了，还可以喝到好喝的咖啡～	0
@狗屁不是娜斯佳	0
原材料磨制的咖啡听说特别是香有时间去尝尝	0
我就想知道这个公司还缺人吗？真的很羡慕	0
上班可以DIY咖啡还是挺不错的，我是很喜欢啦！	0
还能和同事一起diy什么的也太舒服了吧	0
有没有这样的公司愿意招我	0
好想体面验，感觉这是一个赚钱小商机，太棒了	0
好有创意	0
我也好想有这样的同事	0
有这种同事真的很羡慕啊	0
感觉真的很棒啊	0
现在上班族少不了喝点咖啡	0
这班不错	0
最近我也爱上了喝咖啡，每天来一杯	0
我也想尝试做一下这种DIY的咖啡	0
每天上班最开心的就是去茶水间了	0
很有创意的想法。在公司里开咖啡馆。还可以带其他同事一起DIY	0
有智慧的女孩，自己的赚钱之路又多了一份收入	0
咖啡都可以DIY啦我也好想尝试	0
这就是我盼望的生活	0
体验一下不一样的生活不错	0
这真的很幸福，上班感觉都很满足	0
我羡慕了，可惜公司没这样的人才	0
这真的有点羡慕，我也要想要这样的手艺	0
这种生活还真的是挺自然的。	0
生活总应该给自己一点仪式感。	0
这种生活真的好舒适啊	0
果然也是一种惬意的生活享受。	0
这种体验方面还真的是挺值得的。	0
这样大概连办公室都有咖啡香吧，很舒服	0
公司不是都有咖啡机、茶水间吗？而且公司附近也都会有咖啡自动贩卖机，总感觉这个事情在央企、国企之类一本正经的企业不太可行	0
真是在其中，其乐融融呀，羡慕	0
这是天猫双十一的营销手段吗	0
在忙碌的工作中能来一杯咖啡真的神清气爽	0
那一定满屋飘香吧，想想都感觉好美好	0
就想知道白米粥拿铁好喝么	0
我老公公司大堂有星巴克	0
和老板关系不一般。	0
以为我们看不到是天猫的广告是吧	0
我怎么没想到这么好的点子呢等我问问我老板可不可以	0
既省钱，又可以在公司挣钱	0
我是真心羡慕，好想体验一下这样的生活	0
这工作环境是真不错了，我也是很羡慕	0
对于爱喝咖啡的小伙伴来说，是真的很好	0
哇哦，感觉工作都变得充满了乐趣	0
diy咖啡真的太有意思了!又是羡慕别人公司同事的一天	0
还是有点技术在手里的不然也整不起来	0
这种生活也是我羡慕的。	0
这也是生活的另一种乐趣。	0
真是舒适至极，谁不羡慕这样的生活	0
哈哈，咖啡真是上班族的好伴侣	0
这是生活的一种乐趣，确实不错了	0
我们公司可以，总部的研发室	0
。	0
想到了华为的食堂 行政部员工花心思真的狠省公关费啊，简直一家公司活招牌	0
这挺像广告的	0
@明小胖ok	0
这个营业应该要有营业执照，卫生许可等等吧……老板也不怕纠纷，也不怕员工不务正业？	0
和解压啊	0
@森田森吾	0
没看出来这是天猫的广告吗。。。	0
@狒狒最爱Mangoo 哈哈哈哈哈哈支棱起来我的宝儿	0
上班还能挣钱，这个“还”笑死我了	0
隅田川	1
都是老板赚钱，同事之间好意思赚钱？	0
@可爱金花车蛮久傻 可以哦	0
真不错哈哈😃哈哈😃	0
这个厉害了哈哈哈	0
就很羡慕啊，不愧是别人家的公司。这种，只能出现在梦里吧？	0
哇！招工不！	0
真心羡慕这样的生活，太棒了	0
女孩加油未来可期	0
这个90后女孩真的是太棒了	0
想法真的很好，我觉得这咖啡店开的不错	0
还能和同事一起diy什么的也太舒服了吧	0
真的是很有创意的一个体验	0
真的是很有创意的一个体验	0
真的是很有创意的一个体验	0
单位说好的咖啡机都没有实现	0
棒	0
收同事的钱，有些不好意思	0
回复@Sunkisslove:就是一个软广	0
回复@djhdbksjgebmdke:噢噢😮谢谢，了解了	0
回复@高雅不想睡:一时语塞不知道说啥了	0
真好发家致富	0
回复@djhdbksjgebmdke:真好	0
回复@Sunkisslove:反正没人管的，早退迟到都随便，自由。	0
回复@Vicky_葭:因为现在这份更好，以前每天上班六个小时，上班要去差不多两个公里，现在每天上两个小时，就五六百米，而且更自由。	0
回复@djhdbksjgebmdke:财务确实是同时 事情做完了 比较自由 而且还可以同时做好几家 领几份工资	0
回复@Sunkisslove:财务	0
回复@千晚意:做外贸的	0
摸鱼摸的跟上班一样	0
老板确定不是在撩妹吗	0
@少年真是蠢的可爱	0
周一早~ 网页链接	0
啃鸡腿手上多个袋子能有多重啊，非得让娃用牙咬着？	0
就好奇，他在郑州那个地？竟然能出去买菜	1
希望只是为了拍视频才偶尔一次这样，一点都不好笑	0
郑州都封十几天了，足不出户，网上菜都不好抢，请问是22号的吗？	0
这是什么爹。	0
让娃用牙咬着塑料袋？塑料袋很干净无毒？我真想上去一个无影脚…	0
摆拍太明显	0
孩子的牙真好，物真是尽其用	0
哈哈哈哈哈孩子不能没有父亲	0
等爸爸老了没有🦷咬袋子，让他用牙床咬。	0
没事，爸爸有老的一天	0
我不信	0
孩子：你的牙享受美味，我的牙还得努力劳动	0
河南郑州？不可能会有这情况，所有人郑州人都在家休息。	1
现在有些人，为了拍视频，连人都不是了…… 作妖，还要拖着娃！	0
一个啃鸡腿，一个拍视频？奇葩一家子	0
摆拍	0
爸爸带娃，活着就好	0
这孩子这么听话，也挺好的撒	0
小男子汉，不用生气	0
哪个小区！还能买菜！	0
发这条视频赚了多少钱啊？	0
看起来是真心疼	0
有的小区内可以买的	0
这是亲生的	0
拍视频的是谁？	0
手里拿着还好  嘴里叼着不怕牙齿崩断吗	0
没有责任	0
真无语	0
好多都几乎一模一样	0
很好	0
赞	0
厉害了，怪不得喝多了缺钙	0
可乐真是毒药	0
妙妙妙	0
好苗子	0
国足：不信谣不传谣！	0
这就是天赋	0
我觉得这种数据分析真的才会有说服力	0
再一次被科技的力量给震撼了	0
这种高科技的加持才能更加	0
冠军的背后是辛勤付出	0
断层优势，势不可挡	0
中国跳水队确实很有实力	0
毋庸置疑都是下苦工夫的	0
这么小的年纪，就为国争光了，我都感到骄傲	0
冠军模型还能分析出来，这科技真好	0
通过科技的帮助，让我们能够实现冠军的“复制”	0
奖牌的背后，是运动员们的努力，她们付出很多的汗水	0
冠军真的是经过多少次训练的，好辛苦	0
科技的魅力无处不在，高科技出乎我的意料	0
让世界冠军的培养可复制这句话真的很牛掰	0
把这一切都数据化仔细研究成功的秘诀，这样挺好的	0
把我们的优秀技能全部复制下来，这个可行	0
她们是最棒的	0
她们背后的努力没有白费	0
她们都非常优秀	0
付出总会有回报的，运动员也很有实力	0
有运动员的努力再加上科技 会迈向更大的平台	0
我觉得这就是科技的魅力啊	0
现在的科技进步真的超级快速的	0
这些运动员背后付出了很多努力，也挺不容易的	0
献血站:别废话，先抽两三斤血过来！	0
开封真行啊，有钱	0
欢迎大家去赏菊	0
有山先生，超级火的	0
还要还月供的	0
这个也要看是哪里的房价	0
这孩子以后的物理成绩稳了！大赞	0
@貓眼死光Eve 高老师学一下	0
层林尽染	0
腌入味了都	0
去看过！	0
比路边假装要饭的还要专业	0
下次骗不到了！	0
这不是蓝猫吗	0
真的好聪明	0
没点技能怎么生存？	0
站在大象🐘背上开了	0
我酸了果然都是别人家的	0
什么时候我也能拥有那么好的男朋友	0
这是什么神仙男朋友呀，太好了吧	0
羡慕别人有这么多的购物。	0
#清代小姐姐的防狼利器也太美了#神仙男友，羡慕	0
怎么快到双十一了我还要吃别人的狗粮	0
这样男朋友哪里找[淚][淚][淚]	0
确实被这样的男朋友羡慕到了，太贴心了	0
#男子为女友制作上千条购物清单#	0
感觉评论怪怪的	0
恋爱还得去看别人家的才有意思	0
不是杠，纯属不明白，在表格中找到想买的东西的意义是啥	0
这样的男朋友给我来一打！！	0
羡慕了[淚]	0
那我就看看吧，下辈子自己做个这样的男朋友	0
好幸福呀	0
#男子为女友制作上千条购物清单#	0
确认过了这是别人家的女朋友了吧	0
#男子为女友制作上千条购物清单#	0
没看懂，啥意思	0
有没有一种可能 他只是没实力清空女朋友的购物车	0
我🍋了	0
说不羡慕是假的，我都要羡慕死了	0
我那个直男男朋友根本就不会想到这些的	0
#男子为女友制作上千条购物清单#	0
#男子为女友制作上千条购物清单#	0
#男子为女友制作上千条购物清单#	0
这是什么神仙男朋友呀，太好了吧	0
我🍋了	0
真的这男朋友也是特别的贴心的啊	0
这样的男朋友哪里可以找到！！急需	0
有这样的男朋友太贴心了可惜没有同款男朋友	0
有啥好羡慕的，全买了我才羡慕	0
妥妥的双十一清单啊	0
这样的男人好让人羡慕啊。	0
别人的男朋友真暖	0
卡数帮忙还吗	0
啥意思？是觉得女朋友乱买，所以列个范围？	0
以后也好分清楚	0
趁着这个机会我一定要好好的跟男朋友协商一下才行	0
大家都已经想好了双十一要买什么了吗	0
果然恋爱还是看别人谈有意思	0
我尽量不去羡慕别人家的男朋友	0
这也太好了吧，最好直接清空	0
这样的男朋友去哪里领	0
评论区都是活人吗	0
这要是我儿子，我得揍S他，优秀的男人女人都不当舔狗	0
@拜托拜托少加点冰块吧 咳咳咳	0
@ow_憨憨2号	0
这是什么双十一预热热搜	0
还以为是给她都买了呢 还列个清单给她选 这也能感动?	0
@Haitaoaaaaaaa	0
@能力无限公司首席执行官 快让正主搞一个	0
什么神仙男友	0
太羡慕了！！	0
别人家的男朋友永远都是最好的	0
#男子为女友制作上千条购物清单# 看看这男朋友当的 得搬个奖	0
真的想要这么贴心的一个男朋友	0
请问这样的男朋友哪里领	0
哪里找	0
拜托，这样的男朋友也给我发一个好吗	0
这也太让人羡慕了	0
这样的男子太体贴了，什么时候也给我弄一个	0
我的男朋友什么时候才能够有这样的觉悟	0
@春丽小甜甜的小迷弟	0
我也想要一个这样子的男朋友	0
真的是被这样子的男朋友羡慕到了	0
咱就是说这也太贴心了吧	0
这样的男生也太好了吧，很是用心了	0
羡慕归羡慕，得不到归得不到	0
羡慕啊，别人的购物车啊，真的太好了吧	0
一千多条，我自己都想不到这么多	0
这么好的男朋友哪里找的	0
这样的男朋友到哪里去找啊，真心找不到	0
只有羡慕的份儿	0
#男子为女友制作上千条购物清单#	0
#男子为女友制作上千条购物清单#	0
#男子为女友制作上千条购物清单#	0
这样贴心的男朋友哪里可以找到呢	0
#男子为女友制作上千条购物清单#	0
咱就是说又是别人家的男朋友	0
没有男朋友的我流下了羡慕的泪水了	0
能不能把清单放出来让我抄抄	0
今天也是化身成酸柠檬的一天	0
我尽量不去羡慕别人家的男朋友	0
#男子为女友制作上千条购物清单#	0
这样的男朋友从哪里可以找到？	0
果然是别人家的男友	0
每年这个时候都得先羡慕一波	0
是谁酸了？对！是我们	0
我上辈子一定是没做什么好事儿	0
赤裸裸的羡慕了啊，我什么时候才能遇到啊	0
果然好男人都是别人家的，有这样的男朋友谁不羡慕。	0
世上还真有这样的好男人	0
又是羡慕别人的一天	0
羡慕了[淚]	0
确实被这样的男朋友羡慕到了，我也想要同款男朋友	0
很羡慕有这样的男朋友的	0
时间到了，该去看看张翰王宝钏挖野菜了	0
这是别人家的男朋友太暖了啊啊啊	0
我什么时候能找到这样的男朋友这辈子就够了	0
告诉你们，我一点都不羡慕，因为我已经有了这样的男朋友了希望你们也早点遇到	0
真酸了今天又是为别人的爱情流泪的一天呀，真希望我也能遇到一个，哪怕只有一小会儿	0
好用心啊他女朋友一定非常开心	0
这种高质量男友，什么时候才能轮得上我呀或者挂出来个链接也行啊	0
这看到也太惊人了，这么多条清单	0
别人的男朋友就是会啊我也有被羡慕到	0
人家这是在晒男朋友呢，主要是也有这个治本啊	0
没想到竟然这么浪漫，羡慕同款男友	0
这也太好了吧 是别人心目中的完美男孩	0
这是程序员男友吧 只有羡慕的份	0
先吃一顿狗粮,在含泪清空自己的购物车	0
赤裸裸的羡慕了啊，我怎么没有遇到呢	0
这样的男朋友谁能不想拥有哇	0
果然别人家的别人家的除了羡慕还是羡慕	0
我自己也能整 我一点都不酸	0
看来这位女朋友双十一的购物车要清空了	0
呜呜呜呜，别人家的男朋友	0
这是不是有点多了上千条啊什么消费水平	0
别说是双11的制作攻略了，我男朋友平常买个洗面奶都是我帮他选	0
这样的好男人我什么时候能遇到啊	0
果然是别人家的男朋友,就是这么贴心	0
果然好的爱情都是别人家的，我男朋友只会让我生气	0
这么贴心的男朋友该去哪里找，告诉我吧	0
双十一马上就到了呀，男朋友的作用也要发挥了	0
这样的男朋友打着灯笼都找不着，着实是让我眼红了	0
这是给双11准备的吧	0
我真的慕了，看了一眼自己的男朋友，气死了	0
羡慕了	0
这么好的男朋友,都是别人家的	0
有这样的男朋友谁不羡慕。	0
我也想要	0
果然，这是别人的男朋友，我什么时候才能拥有	0
所以说这才是表格的正确使用方法	0
好男人🤔	0
是谁羡慕了咱不说	0
这样的男朋友去哪里找啊，妥妥的羡慕了	0
这样的男朋友请给我来一打	0
有那么暖心的男朋友，一定要珍惜他	0
还是多想想如何多挣钱吧	0
从哪儿跑出来的	0
小孩子睡眠质量好。	0
会不会是家里的老人告诉他尿尿留着可以浇花呢？	0
我靠，完了，看到老年时的样子	0
上点尿素	0
笑死	0
这个床真的太智能了，睡眠不好的人真的很需要了，我好心动。	0
这款床功能也是很多的呀，给我们带来不同的方法一起来解锁了。	0
这些功能每一个都很实用，有了这个床睡眠质量就不用愁了，国货就是最厉害的！	0
这个中国制造，更符合人类工体学。	0
可以实时监测心率这个功能太棒了，很适合身体不好的老年人，我要给我奶奶安排上。	0
这个床的功能太齐全了，好想躺上去感受一下，有这样的床我肯定天天早睡。	0
这个床的功能该说不说真的多呀，带来更多的体验操作也挺方便的，真的好呀	0
这个智能床，功能这么多，谁看了不心动？	0
这个床太高科技了，我永远支持咱们国货。睡眠不好的朋友们可以安排上了！	0
智能床也是很方便的呀，睡着都是很舒适柔软，全新体验生活。	0
哇！这个床真的看起来好舒服 好想躺上去看看是什么感觉	0
非常高兴charles能成为我们首席体验官~	0
买它！中国智造！	0
高科技的智能床也是很方便的呀，为我们解决了所有的烦恼。	0
这款产品能够从多方面服务于人们的健康睡眠	0
回复@麻烦放下我的菠萝:相信国家的产品	0
回复@野原心:适合我们国人	1
好漂亮的芦苇	0
就这样被你抛弃 忘记了回家的路 我的翅膀是坚固 我的脑子是糊涂	0
洞房花烛夜给学生网课，这是啥精神？	0
没有婚假？	0
慕了慕了	0
打call	0
一起探访中华火文化之乡	0
喜欢这样的烟火气息	0
让我们跟着视频一起了解吧	0
那就让我们一起探讨一下这个文化之乡吧。	1
原来商丘是火的发源地呀。	1
这真的是太棒了呀	0
但是蛮不错的呀，非常的喜欢。	1
这里感觉真的很有文化气息。	1
感觉非常的棒，很有文化的地方啊。	1
蛮不错的啊喜欢这样的烟火气息。	0
很有文化气息的地方	1
感受历史文化的气息	0
真的绝绝子呀	0
很有文化气息的地方	1
可以抱它吗？它打人不	0
为什么不rua它	0
真可爱	0
好可爱。	0
@李大猫和她的小狗们	0
吉林辽宁是啥意思？	1
@小侯的侯-	0
吉林和辽宁的都不知道该说啥	1
哈哈哈哈哈哈	0
陕西也这么说	1
世界的尽头是东北，我信了	1
从美丽乡村到美丽中国，兴农人，加油！	1
正宗铁棍山药很难买	0
那得打多长时间	0
河南是文物大省吧	1
现在登顶的越来越多了	0
该冷了	0
可以借鉴，比我每天买五块钱彩票有成就感。	0
我很幸运出生在这个小城里	0
怕怕	0
狗能上新闻，汝州的学生上不了新闻	1
好人一生平安	0
点赞餐饮店员工救人小伙子！	0
绿水青山才是金山银山啊。 环境好好	0
哇塞，这些数值真的是太牛了吧，河南棒棒哒	0
让我们共同努力，建设美丽中国，加油	0
保护环境人人有责，希望中国越来越美丽	1
绿水青山才是金山银山啊。 环境好好	0
太厉害了，10年林业总产值可以翻一倍，为河南骄傲	1
真的是越来越好了，咱们都要保护环境！	0
这样的发展里面，我觉得还是很到位的，相信未来会越来越强的	0
真的是越来越好了，咱们都要保护环境！	0
真的很期待了呀，美丽中国超级值得快点来安排吧	0
孩子长大会很尴尬的	0
完全不为孩子考虑.......	0
哈哈哈	0
无聊	0
这点小事克服不了？吃不惯饿着	0
妈妈：心疼女儿   女儿：被妈妈爱着 只是不会烧荤菜    破防的键盘侠：不行	0
只要钱给够，不用这么麻烦	0
评论是在酸人家有妈妈的疼爱吗	0
丈母娘真好，女婿会做你不用太担心的	0
某些没有妈妈关爱的键盘侠都快妒嫉死了	0
妈宝女	0
妈妈越能干，孩子越笨蛋	0
我笑了	0
天赋+热爱，无敌了这孩子	0
老天赏饭，要戒骄戒躁，不可自傲 ，尚可成才	0
怪胎	0
懂事的孩子早当家！	0
从小学会分担责任也是一种成长。	0
别人家的孩子	0
孩子很棒！就是我想到我们家女儿只要是不写作业，去做啥都可以，哈哈！当然不是说视频里的孩子是这样，我只是联想到我们家	0
汝州疫情祖国的花朵正在遭受苦难，你们媒体视而不见	1
我也想有个这样的儿子	0
感动无比，人心所向	0
早安 网页链接	0
好人	0
再晚醒一会儿脸没了	0
汪汪队立大功	0
二哈，花城，兰波！@爱上逗比的妖	0
高手在民间，有图有真相	0
这个还是厉害的，人体没问题，素描关系也比较多层次。	0
结合时事居然还有我家兰波！！	0
这才是真正的美术老师吧	0
给美术老师点9个👍🏻👍🏻👍🏻👍🏻👍🏻👍🏻👍🏻👍🏻👍🏻	0
第一个是不是判官啊	0
花城	0
真的很厉害	0
芜湖～花三怂和兰波波～	0
太牛掰了吧	0
花城	0
判官！尘不到和小雪人	1
这老师可以啊，都是我们爱的人物哈	0
兰波!	0
波波！	0
这个真的好强	0
很绝	0
都是认识的人物	0
牛	0
厉害	0
这不比那只会蹭热度的呵呵麒麟强的多？	0
哇塞，判官，二哈还有兰波	0
判官，二哈，天官，人鱼！	0
卧槽，我要去偷黑板	0
判官，二哈，天官，人鱼！天哪！是的吧！	0
尘不到！大逆不道~没大没小～无法无天～不上规矩	0
都是我喜欢的漫画人物	0
看到晚宁狗子了	0
尘不到	0
我竟然看到了兰波！！！！	0
老师真的屈才了！	0
花城	0
妈耶，同学们很会挑角色哦，挑得好哇	0
判官还有二哈	0
啵啵鱼	0
简直就是我的梦中情师	0
花城	0
第一个是小酒吧	0
太牛了	0
全……全是我老婆……嘿……嘿嘿……老婆……	0
啊啊啊啊啊啊，尘时，爱了	0
66666666	0
哇塞塞	0
你关注一些其他事行不行	0
二哈	0
这样的老师真好	0
老师的网速挺快啊都是我喜欢的	0
这样的老师来一打	0
真羡慕他们学校，还能上美术课	0
牛逼	1
好棒喔	0
这没去美院当老师都屈才了，中学生都不大上美术这些副课	0
邓州？邓州？天哪，我们小县城也有这么厉害的人吗	0
啵啵鱼	0
这老师我爱了	0
居然还有兰波！！！哈哈哈哈	0
兰波	0
祖师爷和小雪人	0
同是小学美术老师，我自愧不如	0
二哈？天官？人鱼陷落？老师知不知道他在画什么	0
啵啵那个好像啊	0
兰波！	0
转发微博	0
腻害了	0
最后是兰波？	0
花城！	0
大手！！！太太！！！	0
鳄雀鳝市	0
第一个人忘羡？第二个是二哈。然后花城和兰波？	0
厉害	0
哇 好厉害	0
汝州	1
魔道祖师啊啊啊啊啊啊	0
梁老师嘛？	0
哇～好牛好牛	0
@bx热恋三百年 哇	0
天啊！	0
这个老师知道的挺多的啊	0
画的是真的好看 但是我告诉你 有一次我们美术老师在黑板上画画 下课直接被我们班同学无情的擦了	0
老师也是同道中人啊	0
画的好厉害（来自一位绘画boy的肯定） 但！为什么不ban猛犸？	0
@努力买面包 好看死了	0
厉害的美术老师	0
这位美术老师的艺术造诣与马良有一拼！	0
@我是葡萄味的QAQ	0
兰波兰波	0
老师画的有东西啊	0
@-点春色 兰波	0
@望仔某某是江添	1
@-咖啡pocky @-Beryliiiii	0
直接换黑板吧	0
@可乐味chocolate丶	0
@Theseus的帆船	0
画一幅要多长时间？	0
看得出来现在的学生看什么小说了	0
真的很厉害啊啊啊啊好棒	0
愛了愛了	0
尘不到 燃妹 宁崽 花花和鱼鱼	0
小编大爷的手机用了两年，磨了1mm，这就是工匠精神。	0
锅饼或者锅盔，做法都差不多	0
这叫锅饼	0
总结：老汉喂顾客吃掉2cm木屑。	0
可是…谁不是每天干活七八个小时	0
国际登录的官方认证是什么意思？	0
这是黑鱼的亲戚，属于宠物鱼，境内野生环境属于入侵物种。	1
哈哈哈可爱	0
一周不超过就会坏掉	0
机智	0
高手在民间	0
突然感觉这个画风很适合放进中小学生的课本做插图，小学课本的封面就是这种画风，这比什么砖家画的好太多了，高手在民间	0
沙子怎么调的色	0
太厉害了	0
想买	0
有联系方式吗？	0
太厉害了！！高手在民间	0
好厉害！！！	0
屈才了	0
@廖海海海海海海海海海海海_ 这个新闻没说透哈。 小石子、小树枝怎么用的呢？ 沙子怎么固定到画上呢？	1
一看就是画画没饭吃就去做保安的画师。	0
叔叔好棒！	0
厉害了	0
小孩子还是少吃点糖	0
这么绝对吗。万一儿子，万一呢	0
当年，孩子出生的时候去报户口，看到一个男的给自己的男孩起的名字叫做：常大刀	0
？？？？？	0
他白天在吗	0
都是为了活着	0
自己从小被简单粗暴的对待，现在又这样去对待孩子……我孩子也爱弄这些，我会叮嘱他把端头做好防护，既不能伤到自己也不能伤到别人。	0
我会用纸做个套，套上，告诉他这个东西一是带尖，容易伤到别人伤到自己，二是既然是自己看重的就应该保护好	0
这么做有什么问题吗？教育可不是纵容，什么事实可不能都惯着，特别这种有危险的事，即使他不拿来伤人伤到自己，你会不会后悔。	0
自己淋过雨 要把儿子的伞也折断	0
我滴小时候喜欢玩美工刀，每次说每次收起来，但是他还是能找到自己玩，直到有一次自己把手划破了，哭的嗷嗷叫。我妈说“跟你说过好多次了不准玩，这次长记性了吧”我弟理不直气也壮“你怎么不把刀从我手里夺过去”反正是再也不玩了，这么多年这事都会被大家拿出来笑一笑	0
伤害到自己或者他人就不好了	0
这么多的方法可以用。评论区几乎全部家长选择折断。宝剑锋利但是有鞘。任何武器都是成套的。你可以告知孩子完善你的武器，再告知孩子这个东西的危险性。你们觉得粗暴折断了孩子就不会有其他危险的事情发生了吗？教育是要让孩子自己明白，家长负责提醒告知的义务。孩子自己的路自己走。	0
快上报联合国	0
做的对、伤到自己好说、要是伤到别人家的小孩可不好办了、你家是宝、别人家也是宝、	0
爸爸也可以把箭头磨顿一些啊	0
怎么总有这样的家长，前面还有一个把孩子写的20万字的小说撕掉的	0
这毅力好好培养	0
所以现在就理智带孩子，他做的事情总有自己的想法	0
没撅的话 大概率不是伤人就是伤己，都是从小时候过来的，弄这玩意就是为了轮着玩。	0
这事情得两看，他还不知道什么是危险，太尖锐的东西宁可折断对不起总比出事后悔要好。	0
这个不行，太尖了，伤到自己还好说，伤到别人怎么办，好好商量弄个钝一点的魔法杖也行啊	0
危险就是危险，出事了后悔也来不及	0
没有新闻可以不发微博	0
深有感触	0
我觉得爸爸做得对，而且不是一开始就折了的，有商量过的，但是商量无果，这树枝这么尖真的很危险，要是伤到眼睛或者扎到哪里都是很严重的，那些说爸爸做错了的都是小孩子估计，没考虑后果只会说家长不对，出了事还不是家长来承担	0
确实太尖了 小孩子有时候顾及不到一不小心伤到自己或者他人都是事 大人也是担心这个隐患吧 不过对孩子来说有点残忍 事情真的很难两全 大人也不能面面俱到	0
鲁迅把弟弟的风筝弄坏	0
我情愿跟他多说几遍对不起，也不想赌那个“万一”，等他过后情绪平复了，我再讲道理	0
现在的孩子都这样吗？和发达社会靠拢了了	0
要没收不肯可不得折断吗，危险的东西没得商量	0
小孩子没什么概念，伤到自己或者其他人就麻烦了。而且一旦出现危险必定的家长的责任。	0
n an 蓝	1
一piàngpiàng	0
你歇会儿吧。	0
还不如不教听音频吧	0
唉…新乡薄壁白云寺的银杏树不知道变色了没有…	0
好孩子	0
小学老师经常讲的助人为乐案列就是推车	0
我读书的时候骑单车上学，看到一个老人家下车推车上桥我也去帮他推了一下，结果他说别!别!我得慢慢走我走不快，你去上学吧然后我就走了	0
//@德川瑞渊耶维奇:好孩子	0
下一代努力推车  这一代忙着拍摄	0
是	0
泪目，考虑了！	0
棒，为孩子们点赞	0
是实在没新闻报了吗…就是说这种稀松平常的事我们以前不也经常干吗…	0
少年强则国强	0
🙏🙏🙏	0
必须点赞	0
助人为乐。我大张楼有两个学生帮我架东西，我非常感动。	0
我以前小时经常干这种事，多年后一个大爷看见我赶车非要送我因为我小时帮他推车	0
好样的	0
少年强则中国强	0
棒棒哒	0
美丽的背影	0
好孩子	0
嗯	0
好的	0
转发微博	0
我小学时候，经常这样帮人推车，捡散了一地的苹果，虽然那时候吃个苹果是多么的奢侈，	0
好少年	0
好样的	0
有素质的好孩子还是到处都有	0
哦	0
有爱的孩子	0
好样的	0
这是老师和家长教育的好  八十年代的娃娃基本都干过这些事	0
好孩子	0
好少年	0
呵呵	0
中国老人 还要自己出去蹬三轮谋生 还需要下一代帮忙推 国家福利真好	0
好孩子	0
。	0
少年的力量，点赞👍	0
这样有爱心的孩子，值得点赞!	0
我也干过这事	0
嗯嗯	0
正能量	0
祖国的下一代培养的还是很棒的	0
1	0
刚从遂宁回来，其实因为那个人，喜欢那座城。	0
好温暖	0
太棒了	0
希望看到越来越多的美好	0
孩子们真棒	0
孩子们好暖心	0
棒棒的孩子们	0
真棒	0
扔哪儿了？就地吗？	0
哈哈哈 靠实力生存	0
可爱	0
最好别生吃	0
老板好人有爱祝生意兴隆	0
给生肉是吗？	0
饿不住了。估计没有哪个人可以抗拒这样的狗狗	0
这是啥狗？	0
谢谢善良的人们	0
狗就是吃生肉，你们家的狗都开始煮熟食了吗	0
看着还是太胖了。	0
婚后三个月会再胖回来的	0
7个月减40斤，俩月不身材管理马上胖回来！	0
哈哈，我减肥2个月，从200斤减到160😂	0
爱情💏太伟大	0
确实像老外	0
@啊呀如	0
哈哈哈哈	0
@Xx小蟹斑比 哈哈哈哈哈	0
@王鲤吟 你许愿	0
😀	0
快“吹”到碗里来，，，，	0
愣着干嘛，起锅烧油啊	0
@Q端木米雨	0
#中国逐梦的脚步从未停歇#	0
从兰考到淳安 从全面小康到共同富裕 通往中国式现代化 中国逐梦的脚步 从未停歇	1
【#从兰考到淳安读懂中国式现代化#】中国式现代化是全体人民共同富裕的现代化。14亿人的“共同富裕”如何实现？#4分钟看十年间中国式现代化两个地标#	1
用洗衣机洗鞋的都是什么人才	0
别的不说，你就说鞋子干不干净吧	0
真有人用洗衣机洗鞋子	0
我以为我已经懒到天际了，却不知道宇宙之大	0
人家用自己的洗衣机洗鞋怎么了	0
洗衣机就是有洗鞋那一档啊。。机器服务人类，谁愿意手刷啊。。	0
我家俩洗衣机，一个专门洗鞋洗窗帘洗桌布之类的，一个洗衣服。从此基本告别了刷鞋，真香。	0
以后高低得买个洗鞋机	0
想看看什么人才能干这种事	0
懒到什么程度才会用洗衣机洗鞋?	0
棒槌是玉米吗	0
质量不行	0
有的洗衣机就是有洗鞋这档啊	0
开的豆浆模式？	0
为什么呀  桶自洁的的转速很大嘛	0
我住了集体宿舍以后，才知道洗衣机可以洗鞋，见鞋眼开啊！	0
败家的	0
这也太懒惰了吧，奇葩懒惰的人	0
前两天洗床褥子按错了成桶自洁打开全都干巴了	0
自从用洗衣机洗过一次鞋子，就知道有多好使。有省事又干净！反正我们家特意买了一个小的专门洗鞋子的	0
有没有可能别人有两个洗衣机	0
奇葩！洗衣机洗鞋	0
我靠，这日子咋过的，鞋还用洗衣机洗，专门洗鞋的么？	0
自洁模式，洗衣机真是对自己更狠啊	0
用洗衣机洗鞋。。	0
她家有几台洗衣机？	0
洗衣机也很难受	0
@uyat1an 来笑	0
这些鞋质量不行	0
现在都是出点事赶紧先拍下来传网上	0
没有新闻可以不发，这发的都是啥玩意儿	0
这自洁功能不错	0
急着掰棒槌？	0
我一般都是刷干净鞋后用洗衣机甩干	0
洗衣机洗鞋真的洗的比自己刷干净好多倍！！！洗完之后用筒自洁加消毒液洗洗应该没事吧，我冬天的拖鞋实在是自己刷不干净就会放在洗衣机里	0
真没想到洗衣机对自己这么狠	0
这个洗衣机不错，确实能把衣服洗干净	0
我以为我用洗衣机甩干鞋子已经很奇葩	0
😆我都是洗衣机洗鞋子没烂过	0
我用洗衣机洗过 是家里老式的小天鹅那种 洗和甩干分开那种 专门拿来洗运动鞋	0
洗鞋机，你值得拥有	0
洗过鞋还能洗衣服吗	0
洗衣机洗鞋，太爽了（单独一个波轮洗衣机洗哈）	0
鞋子放洗衣机？	0
用洗衣机？从来没想过	0
急着回家掰棒槌？棒槌是个什么东东	0
洗衣机洗鞋？不脏吗	0
我试过，，废13双鞋	0
我决定了一定要养只喵！因为我经常经常出门忘带钥匙	0
怎么会这么巧拍了个视频	0
朋友，会开门真的会让你哭泣。我家猫就是整天跳门，防盗门大开	0
会开门不是啥好事儿。。。为这我把家里人反锁在家里好几次。。。	0
我看了半天，甚至想好怎么教家里英国佬了，最后发现，我家指纹锁	0
我家猫说是假的，不可能	0
猫：这个家还得是我	0
我家猫咪是开门大王，卧室门，一跳一压就开了，唉，我脑壳痛，没啥私隐了	0
年糕：这个家没有我，就得散	0
没有一口猫粮是白吃的！	0
想想我那个逆子，去楼道放个垃圾把门tm给我锁了，叫的开锁才回了家	0
哈哈乖猫咪	0
很多猫都会开门，我的猫2个月时就会开门	0
现在的猫猫狗狗都已经成精了，人们越来越离不开宠物了。	0
别人家的猫	0
哈哈，聪明	0
我家猫也会开卧室门，天天跑进去破坏东西，只好反锁	0
聪明的小喵	0
我家因为猫经常自己开门一开始以为遭贼了	0
家门钥匙忘家里了就能请假不上班，这老板真好	0
以后小偷会不会也能叫开门。	0
还有这种功能啊	0
我一直不理解，钥匙🔑 不顺手放包里吗	0
自编自导自演	0
这要是坏人呢	0
我家主子也会，帮我节省过几次找开锁师傅的钱还记得第一次开门的时候人不在家，回家发现门开着还以为进了贼，猫也不见了一只，出门找又没找到以为流浪猫养不熟，结果过了半个小时人家自己回来了	0
@人间清醒法学生	0
@赵辰龙从不嘟嘴	0
然后猫就开门跑出去了	0
真的可以养只猫防忘带钥匙了	0
也是宝宝	0
@摸摸猫脑袋 @Leo没有昵称	0
我家猫也会开门幸亏胆小	0
啊喵喵好乖	0
哇	0
@尋凯环遊记kk 别人家的猫	0
出门必须反锁门啊	0
猫：这时候想起我了	0
成精了	0
好厉害啊	0
？我们年糕也给我开过门哈哈哈哈仿佛是我家的新闻笑死……因为会开门所以晚上都会用拖把撑住（物理防御）	0
@lwyd啦 好可爱	0
自己会开门，下次会不会跑出去呀	0
【#女子忘带钥匙呼叫家中小猫成功开门# 】#这就是养猫千日用猫一时#	0
所以白嫖了个假	0
是挺感动的	0
终于派上用场了	0
我家狗会开门 我可以哭死	0
@永远都治不好的拖延症	0
@顽固本人 真的	0
我家门锁是圆的，养什么都没用	0
完了我家是密码锁	0
我家猫怕是学不会呀	0
@GuigerBlue 赶快培养一下	0
这是一只可爱懂事的别人家的🐱 搞得我都想养只🐱了	0
@D找个时间养只汪C	0
#女子忘带钥匙呼叫家中小猫成功开门# 机智小助手	0
扯淡，造假视频，自己采访自己	0
@哈库呐玛玛哈哈	0
我的房门锁就是被猫扒拉烂了，又换了一个，继续扒拉，晚上要睡觉了扒拉进来，早上要拉屎了扒拉出去，它饿了我没醒它要扒拉，它要玩我没醒它也扒拉。它还只开不关，隐私都没有的，一百多换的锁，不知道能坚持多久。	0
100块钱省了！	0
语音密码：年糕	0
这个家没猫不行	0
看我微博抽奖 ，真的抽中了iPhone14pro 已到手！人少快来试试	0
虽然很感动……但你想一下当你不在家的时候，猫咪要出去玩，打开了门但不记得关……	0
干什么也要拍视频	0
我家猫也可以	0
我家猫只会拿蟑螂来我床上玩	0
反锁反了个寂寞	0
@mihe1 教会你家猫开门	0
不管你是谁，虽然关注了挺久的，发自己采访自己的视频一律拉黑	0
今天怎么两个猫开门的热搜	0
@沁酱_尼糯米_竹馬總武線	0
也不怕进贼	0
只会自己开门出去玩	0
如果人上班了，它随便开门怎么办	0
这…猫会丢的吧	0
@茶花鹅不爱插花	0
我家猫因为太胖没能学会开门	0
年糕：事了拂衣去，深藏功与名，感谢有本喵吧，铲屎的	0
我们家猫刚学会开门的时候也挺感动的，觉得孩子长大了知道来接我了。现在恨不得给自己两个嘴巴子，随时一转身就把门打开了	0
搞那种门，出门必须要钥匙反锁才能锁起来的，就因为这个我从来没有忘记过拿钥匙	0
我家的边牧在家从里面把锁上一个小小的反锁钮扳了。我和老公只能叫开锁的来，还好门没损伤，换了个锁芯。出门2小时，260元没了。进门告诉这货，你没饭吃了!	0
意思是门锁了后，从外开就得钥匙，从里开就不用了吗？	0
指纹锁是个好东西，对于家里养猫而且猫会开门爱开门的人来说亲身经历，不想再一大早发现门开了个缝然后出门找猫了……	0
下次也会给贼开门	0
而我忘记带钥匙，只能找开锁的，然后换锁	0
我家猫也叫年糕……	0
得了吧！这种演技，真差	0
门上面的开锁广告哭了吧	0
也就是说，以后这猫也能自己开门出去…	0
小猫会不会自己开门跑出去	0
我家猫会开房门	0
反锁不就是为了防止它开门吗	0
今天所幸猫开门，，明天不怕进不去，钥匙有无不重要，重要是谁在敲门。	0
省了开锁钱	0
这猫也认识隔壁老王	0
我家猫只会关灯	0
摆拍？？？？？	0
@miaox3san	0
@周小树zz 看人家这猫	0
电子锁不香吗？	0
我家邻居猫也是在她没带钥匙情况下，试了好多次给她打开，然后猫累的很早就睡了	0
那他们平时不就可以自己开门溜出来了	0
听我说，别耽误孩子上大学	0
然后拿到钥匙后反手就出门把门锁了	0
喵：一天天的，太不让猫省心了	0
不会是机器猫吧	0
撸猫前日，用猫一时	0
我就是经常忘记带钥匙，备用钥匙刚用过在家还没放回去又忘了，几次开锁换锁后，决定换个指纹密码锁	0
我家的猫告诉我是假的，昨晚试了下，它只会在门口喵喵叫	0
但这样猫跑出去了都不知道	0
我家的也可以	0
我家的猫也会开门，晚上睡觉它来开房间门，我们出门了，它还把大门打开了。猫会开门不是好事啊！	0
贼：好的，下次锁都不用开了	0
我的会开窗户 推拉门 开门还没有学会 不想它会	0
@相杀_人中橘猫	0
田园猫吗？田园猫都很聪明，宠物猫不行	0
养猫千日，用咪一时	0
@屋里麻利轰	0
喵：所以你以为平时我是出不去么，我是不想出去	0
我也想养只猫！养一只橘猫或者狸花猫但是我妈说养我俩就够费劲了所以我不介意把大狗送出去换一只大猫	0
电子锁真的挺好用，不用带钥匙的感觉太好了，租的房当我没说。	0
养猫千日用猫一时	0
换个密码锁不好么	0
我也遇到这种情况	0
别操蛋了，这么小的猫哪有那么大力气扳动门把手	0
我家猫只会吃	0
摆拍的	0
也有老公就在门背后的可能	0
我有次关外面，让孩子从窗口爬进去（进去是沙发）给我开门亲生的！	0
也叫年糕诶@季夏的初一	0
我家67也是这样	0
@得闲饮茶辣	0
@我不是Tr 上次应该试试	0
@一如松：我家已经为了他换了门锁	0
当时觉得挺好玩的就拍下来了	0
好聪明的猫咪	0
@好大好大一杯可乐	0
买个指纹密码锁就能解决	0
没有在杠哈，就是好奇，都说是反锁的话，猫怎么还可以从里面把门打开	0
随手一拍，没想到火了	0
@Honey欢欢呀	0
@是矢崎 看着赛罗陷入沉思	0
妈呀，前些日子我忘记带钥匙，找师傅开锁两分钟一百块	0
@嘟噜嘟噜嘟咩阿	0
这个视频不是几年前看过了	0
@谁能知道谁有谁的狗子呢	0
@Emma小胡胡	0
太厉害了猫~	0
我家猫也会开门，买入户门的门锁的时候专门买了一个圆头的，它开不了的	0
这个怎么会想起来拍视频呢？	0
出息了	0
@云澈儿_北洛快到我怀里来	0
一开节约200开锁费，请给猫猫加餐	0
猫猫队立大功	0
@水里兑酒 ，来看小机灵鬼	0
很想问，出门不锁门的吗？	0
当时就觉得挺有意思的，然后就随手拍下来的，不小心就传到了网上，没想到火了。	0
@我是王富有yu	0
@田田的小奶糕	0
这种破事还能占热搜，微博你也太卷了吧	0
我好奇怎么训练	0
好可爱	0
我家的逆子只会拉💩，拆家，咬人	0
养喵千日，用喵一时	0
转发微博	0
我家猫天天开门，卧室门，厕所门，导致家里每次出去必须把正门反锁了，以免猫咪自己开门出去了现在不存在忘带钥匙了	0
养猫千日，用猫一时！	0
这一刻觉得这孩子没白养	0
@只身在人潮里翻涌	0
这个家没我能行？	0
@爱喝冷萃-	0
开门瞬间的视频为什么要剪辑？	0
@郁结玉洁	0
我带了钥匙，并且我还被关在外面，属实是羡慕了	0
年糕可以 汤圆行吗	0
转发微博	0
我上次就被关在门外了，我猫完全没反应	0
我家猫咪也会开门，每天晚上卧室门一定要锁，否则半夜开门就进来了。为此把大门换了个难开的，怕猫咪开门跑了	0
当时觉得挺有意思的	0
回复@我的男朋友是毛毛小天使:所以要反锁嘛，准备反锁的时候发现忘带钥匙	0
有心的网友记下了门牌号，然后去叫年糕。	0
好阔耐好阔耐	0
我家猫也想开门，但是开不了，哈哈哈	0
转发微博	0
@啊哈哈啊哈哈灰猫紧张	0
头上长了摄像头的人就是不一般	0
@Cissy萌鑫子	0
我家房门猫也能开	0
@_老甜男友	0
这样放到网上那不是小偷也去叫开门	0
这视频之前不是看过嘛，还是这只猫，女主人，又来恰流量了	0
怎么让我家那个灾舅子看到，只晓得把老子反锁在卧室！	0
为啥网上一起奇怪的事情都恰巧在拍照呢，除非头上长摄像头啦	0
打败开锁行业的竟然是宠物	0
我怎么记得这个新闻前半年上过	0
这事后 两个选择，要不换猫 要不就换锁！	0
这事是边牧的日常	0
@沐易晨净	0
@在逃迪士尼戚公主	0
快奖励小鱼干	0
@一只总炸毛的秃子	0
就不能换个几百块的密码锁吗？	0
以防万一 要不养只@陈曼曼o	0
@鸡翅好还是我好	0
无奇不有	0
@軒叔的西瓜妹	0
喵喵记得下次让人付费开门 一次8个罐	0
我家猫也会开门所以每天晚上睡觉我必须得反锁卧室门，不反锁半夜就会进屋蹦迪	0
我家猫也开大门，门把手前面我都用鞋架挡住	0
养个猫还能开门呢！养个儿子就知道让我血压高！	0
@屯在博士屯 厉害	0
@我是蛋笨大	0
省了一笔开销	0
我的猫连蟑螂都不帮我打	0
谁拍的视频	0
我家猫说是演的	0
哈哈哈哈打开那一瞬间看到头好可爱	0
它绝对之前就出门过	0
它是怎么知道开反锁的	0
赶紧给个猫条奖励一下	0
最近的新闻，宠物进化地太快	0
小猫:这家没我真不行	1
我希望我家的猫 今天也有这能耐不然就是开锁钱	0
棒棒哒🎉	0
我家猫听到声音早躲起来了，死活都不会出来！	0
大部分猫都喜欢开门玩儿，我家的猫进我卧室跟进它窝一样轻车熟练 因为只有我卧室还没被它占领，它的觉得它受到了挑战	0
我们家的门不用钥匙是关不上的	0
@沉睡吖	0
小猫自己开门跑了咋办。门开着家里还不安全了	0
这要是我家狗，我死门口她也开不开	0
小猫咪还有这种功能呢	0
大家小心了，山东威海以招厨师为名，对招聘者实际诈骗，可耻！可恨！当地公安部门，为什么不从严执法！🙏🙏🙏	1
很危险！感动毛线!	0
万物皆有灵性	0
猫：真一家庭成员	0
养猫千日，用在一时。	0
养猫千日用猫一时	0
猫立了一功，应以奖励。	0
主人十分感动，然后拿上钥匙出门反锁	0
万一他给别人开门咋办	0
演的吧	0
贼：嗯。。。学到了	0
密码指纹面部识别门锁没这个顾虑	0
妈妈的好孩子	0
我家猫也叫年糕！怎么就没有这个智商啊！	0
我平时出门倒个垃圾都要反锁门，因为我家橘猫也会开门。。。。	0
自从有一次回家发现猫在外面，门开着，从此我就反锁门了，	0
脑袋长摄像头的人	0
刷到这条微博的我赶紧翻了翻我的包包里有没有钥匙	0
把这个视频给我猫猫看了，猫咪一下子把我手机拍掉，并说是假的	0
网页链接	0
送孩子去考研吧别耽误了，虽然竞争很激烈但是它真的很聪明	0
养猫🐱 一世用猫🐱 一时	0
66666	0
养个猫终于派上用场了	0
啊啊啊啊猫猫好可爱	0
回去就教我家猫开门	0
这个视频怎么让我家猫看到	0
@在白露中醒来	0
好厉害	0
我家狗也给我开过门，不过现在出门都要反锁门，要不人自己就出门了	0
@梦到我是个美女	0
@CCCeleryWang 啊啊啊这不就是嘟嘟嘛	0
跟我家猫同名 不过我家猫不会开门	0
最后也没给功臣一个正脸	0
@葰益生	0
咋可能呀?我家猫啥都不会	0
反锁是为了锁住猫，可是猫替你打开了反锁的门	0
@蘧蘧然花_Maicy	0
转发微博	0
有没有可能里面有人帮忙开	0
好聪明啊	0
@Utsukimi	0
@Moomoogoo	0
@咕呱人类 好聪明	1
@达伦无所畏惧	0
@白族圣斗士- 嘿嘿	0
@傻狗今天退休了吗  你看你快看	0
我们家猫也是开门能手，照我老公的话说就是，它这辈子的心眼子都用在开门上了	0
让我家猫看了，它们都说这是演的，让我别信	0
@ffxxhh0520	0
@动感超人官方账户 猛男可以吗	0
是吗，我不信反正我家猫不会	0
@转转桥大王 fo聪明呀	0
增加了一项技能	0
@春风得意iii 好想七七	0
@不会起名字的铲屎官 你家喵喵会开门吗哈哈哈	0
@在山_ @谁帮我想个网名呗 一样叫年糕 我家毛孩子咋只会叫我快点开门？	0
@南有南湘 小汤圆也可以	0
转发微博	0
人家的猫会开门，我家的猫只会为了吃，晃到我头晕	0
整天猫猫狗狗上热搜，真是够啦	0
回复@omtbreak:好厉害	0
回复@为爱祈祷y:我的太笨	0
回复@酒瓶座的仙女:电子锁即可解决烦恼	0
回复@蜚蜚ovo:对啊一整个手机全是猫猫的各种录像照片，每个都是珍贵画面	0
回复@爱吃土老阿姨:是的	0
回复@天空中的颜色开始变得奇怪:可能这个情况在你这不正常吧0.0 但我看你的精神状态好像也不太正常……平时注意下解压呀	0
回复@一起吃西瓜_:	0
回复@Jayevv:哈哈哈哈哈他确实会 但是我家大门都是反锁	0
神奇	0
高手	0
回复@陳冰晴:你给抚养费？	0
假视频吧？	0
加油	0
回复@就系不改名字:栓猫脖子上丢不了……栓他脖子上能丟~	0
回复@美人儿的心伤不得:没想到就火了	0
回复@龙井5989:我第一反应为什么是挂猫脖子上	0
回复@读书吟游的阿之:我家猫只会把我关在外面	0
明天新闻头条：一女子家中被盗，未发现门窗异常。	0
这也值得热搜	0
平时都是妻子做饭洗碗连碗也没洗过	0
他平时做饭，又怎么时隔多天才想起刷电饭锅的，他做饭不用锅的吗？	0
还好意思发出来	0
好奇怪的热搜	0
好奇怪的热搜	0
平时家里不用电饭锅的嘛？就离谱好吧	0
锅扔了吧，人休了他！	0
我还真见过，我哥家厨房和我公公家电饭锅就这样	0
上海没新闻了吗	0
没有新闻可以不发	0
顶级培养皿	0
这个黑的是什么菌呀	0
没新闻可以不发	0
@恍神白目王	0
这锅不能用了 直接扔了吧	0
@熊先生的鱼干 想起来我宿舍那个一周忘刷的锅	0
这个屁大的事也上热搜	0
半个月就长毛了，你想想酱油吧，天然酿造六个月毛会有多长，不长毛的零添加可能吗？？	0
洗两个小时我都不敢用了	0
没砸到就好	0
猪流浪更惨！	0
真棒！	0
我们小时候就睡的这种	0
周二愉快 网页链接	0
我和妈妈，奶奶同一天生日  三个人同一天	0
家长护仔心切我深有同感....但是这样子开车难道不违法嘛？不会给旁人带去麻烦吗？	0
走非机动车道了	0
好孩子	0
窝心用词不当，应该是很暖心	0
应该说很暖心。窝心的意思是让人心里很不舒服！！	0
这小孩，头比身体大八倍	0
视金钱如废纸	0
原来无论男女老幼事出突然必有妖	0
她没有做错	0
“她发现自己做错了，立刻就想把痕迹清理掉”	0
拼起来能去银行换吗	0
大头娃娃	0
我记得有次我侄女玩剪刀把手指剪到了，然后她为了不让家里大人知道，自己一个人躲在厕所，最后大家发现她怎么一直呆在厕所，过去一看洗手池里满是血，把我们吓得，然后她才哭	0
她没有错	0
只要不缺碎片，全带银行，可以给全额兑换了，缺一部分了话，会按比例给	0
@猛犸新闻 麻烦看一下私信	0
她哭了，她又没有哭	0
我收了红包都得把红包翻过来翻过去的看好几遍，确定没漏下钱钱才扔	0
回复@世间有因果_善恶终有报:	0
交警很有经验，车主很善良  希望出台伴侣动物保护和管理法， 严控繁殖 严惩遗弃，从源头减少流浪动物数量;  人道对待流浪动物，建立系统性救助体系，鼓励绝育和领养，禁止虐杀，禁止食用伴侣动物	0
感谢善待生命的人，好人好报	0
愿每个生命都被温柔以待	0
感谢善良的人	0
你们都要加油。  期待你们的精彩。梅西。苏醒	0
苏醒好专业啊。听着我都为足球着迷	0
我总觉得不踏实	0
离离原上谱	0
幸福的儿子。88岁了还有母亲陪伴。	0
这个新闻让人很感动，我在想等我88岁了，不知道还能不能牵到母亲的手，希望所有的妈妈们都长命百岁。	0
这可能是世间最大的幸福了！！88岁还有妈妈牵手	0
老太太这耳朵下巴 都是长寿啊	0
这个说真话了。适当的运动，良好的生活规律，良好的心态，这三者就是健康的关键。推荐，基础锻炼，及时维护身体健康状态。	0
88岁还能跟妈手牵手，真好福气	0
88岁，我自己都走了十几年了	0
这老爷子看起来也不像88的，看起来好精神	0
家有一老，如有一宝，幸福的一家人。	0
我爸我妈我奶长命百岁希望八十八岁也能一起吃盒饭	0
好幸福希望我爸爸妈妈能活110岁	0
88岁，还有妈妈的陪伴，好幸福啊。	0
88岁还有母亲，真幸福肯定是孝顺和睦的一家，老人才健康长寿	0
喝茶真的能长寿，我爷爷今年93岁了，他也喜欢喝茶，每天都喝，把茶水当水喝	0
110岁健步如飞，还是三寸金莲，太棒了	0
这耳朵顶我俩	0
幸福的一家，祝老人们健健康康🙏。	0
老人有福气	0
太好了	0
❤️	0
好幸福	0
妈妈在永远都能撒娇	0
啊啊啊幸福	0
真好，希望两位老人身体健健康康	0
羡慕啊！	0
真好	0
幸福	0
沾沾老寿星喜气，希望我姥姥爸妈都长寿平安🙏🙏🙏	0
太棒了！	0
羨慕	0
真好	0
羡慕啊	0
天天开心乐呵呵	0
老人天天吃啥也不说	0
长寿之家	0
羡慕	0
真好呀，祝安康	0
能活到88岁能有多少	0
有钱难买老来瘦啊	0
希望我的爸爸妈妈也能长寿	0
真好，祝福！羡慕	0
好	0
老人家慈眉善目的，看她笑也能跟着笑	0
@Yzh8ao0 今天开始每天喝茶	0
天伦之乐	0
好幸福哎，88岁妈妈还在	0
上次看 是个老奶奶喝咖啡	0
沾沾老寿星福气	0
看人家这老太太，多精神	0
我要长寿，喝茶	0
好长寿啊	0
我外婆也要加油。现在98。耳朵又长又大🤗	0
//@灰魅妖影:这个新闻让人很感动，我在想等我88岁了，不知道还能不能牵到母亲的手，希望所有的妈妈们都长命百岁。	0
让我们学校知道，全给抓了	0
就这样一直红下去吧，挺好看的	0
红火	0
祝福祖国繁荣昌盛	0
河南卫视	1
好可爱	0
为河南	1
中国红好美	0
现在国家与国家竞争，省会与省会竞争，城市与城市竞争，公司与公司竞争，工厂与工厂竞争。 发达国家和发达国家竞争，发达城市和发达城市竞争，中国和世界各国竞争，中国和美国竞争，中国和俄罗斯竞争。北京和纽约竞争，上海和东京竞争。 主要目标中国各省各个领域各个方面和世界各国竞争综合实力。	1
现在国家与国家竞争，省会与省会竞争，城市与城市竞争，公司与公司竞争，工厂与工厂竞争。 发达国家和发达国家竞争，发达城市和发达城市竞争，中国和世界各国竞争，中国和美国竞争，中国和俄罗斯竞争。北京和纽约竞争，上海和东京竞争。 主要目标中国各省各个领域各个方面和世界各国竞争综合实力。	1
“这条在乎，这条也在乎”	0
夸奖	0
【#170秒卫星视角环游中国# 】新时代这十年，神州大地发生非凡巨变。	0
我们和@河北广播电视台 @云南网 @羊城晚报 @天眼新闻 一起 #170秒卫星视角环游中国# 新时代这十年，神州大地发生非凡巨变。#中国新坐标刻进山河大地#  #60万米高空看见奋进中国#	1
祝福祖国繁荣昌盛	0
#60万米高空看见奋进中国#	0
这十年的变化真的是太大了，中国加油！	0
这就是中国，我们的壮丽山河！	0
这才是我们的祖国啊！一直都在进步着，不断努力着	0
神州大地非凡巨变啊 祖国繁荣昌盛	0
现在的中国是真的日新月异呢。万里山河是那样的壮阔美丽。一切都是那么的让人心动啊。	0
我们的中国发展的越来越好 日新月异   变化很大 未来也会越来越好	0
壮观	0
变化是真的非常大啊！总是能给我们带来很多惊喜	0
我们奋进的十年	0
确实是了啊，中国这几十年真的也是发生非常非常大的改变的	0
我们的祖国一定会越来越好的啊	0
这十年是突飞猛进的十年是值得记录的十年	0
我们也要加油努力呀，争取把我们的祖国建设得更加完美！	0
祖国真的是好美呀！壮丽山河把沙漠变成绿洲是真的有在脚踏实地的做实事呢	0
我们感受到了一个蓬勃发展的未来！哎，我们祖国的大好河山～	1
有幸见证这十年	0
祝福祖国繁荣昌盛	0
祝福祖国繁荣昌盛	0
看哭了	0
欣欣向荣	0
转发微博	0
我爱你中国	0
转发微博	0
哇第一个镜头就是我大郑州啊	0
我爱我的祖国🇨🇳	0
祖国繁荣昌盛	0
转发微博	0
河南表现不错，加油！	1
加速就完事了	0
了不起的中国人创造了一个个了不起的奇迹！为我们厉害的国家点赞！	0
大好山河，繁盛之地，看我中华！	0
地雷	0
#点赞我和我的新时代#  科技改变生活，给大佬们点赞！#藏在田间的科技大佬#	0
#点赞我和我的新时代# 这位科技大佬长得好想我爷爷，和蔼可亲  #藏在田间的科技大佬#	0
#点赞我和我的新时代# 大片的水稻真美，能直接截图当壁纸了！#藏在田间的科技大佬#	0
#点赞我和我的新时代# 水果看起来也太好吃了吧，好想去现场采摘  #藏在田间的科技大佬#	0
大道至简，衍化至繁。万物生发，一为本源。抱元守一，曲中求全。弓背推肩，疫疾消散。信之践之，福寿延绵。极其简单祛病延年的方法送给有缘人所有疾病根源在肩膀后面那根筋，弓背状态下，朝前推动肩膀，肩膀活了，全身经络通畅起来，诸病得解。 请记住弓背推肩，以备不时之需，牢记，牢记	0
致敬！你们是河南的骄傲	1
河南果然是高考地狱	1
有禅意。	0
超级棒！身临其境👍👍👍	0
你们是英雄。 面对疫情我更多的是恐惧，在2020年1月。 而你们却勇敢地挑起了抗疫的重担，奋战在一线。 你们伟大的。	0
加油	0
👿 👿 👿	0
最美逆行者	0
助人为乐	0
厉害	0
是不是可以这么理解：海鲜里面配几根裸条？	0
癫痫不适合往嘴里塞东西、掐人中、叫喊、约束、摇晃，“请让病人安全安静地抽一会”！网页链接	0
宝泉咯！欢迎大家来宝泉玩！	0
我就喜欢逛这种大超市，应有尽有	0
是的，我们去超市也会遇到这种情况	0
确实，主要是超市的食材都非常新鲜	0
便宜呗，买的保时捷谁还会开五菱宏光？	0
因为消费降级了呢	0
我发现现在这一代里面好多人很爱国的	0
其实年轻人根本不在意什么货 只看重品质和性价比  年轻人是爱国 可是谁来爱年轻人呢	0
国货性价比很高的 支持国产	0
便宜又好用，为什么不买。	0
因为便宜	0
因为我们这一代的国货，无畏且骄傲！ 我们无畏的在创造国货！ 我们骄傲的在享受国货！ 这就是中国成分	1
越来越发现国货对人日常生活的影响	0
因为出不去了呗，国内课以重税，大家收入又低.....	0
国货做的越来越好了	0
因为经济收入降低+非必要不出国+精选评论	0
国货做的越来越好 支持国产	0
即便宜质量又差当然要买了	0
运动鞋已从阿迪和耐克，变成安踏了。	0
全是科技与狠活啊快买吧	0
并没有  我身边接触到的大多还是买国外的  手机 平板 化妆品 鞋子 车子以及一些机器  像咖啡机  游戏机  扫地机器人啥的	0
还真不爱	0
哪些国货性价比高	0
唉，现在哪还有钱啊？	0
加油	0
苹果在中国卖的依然火爆，汽车前二十的榜单有一大半是合资车	0
如果我买了国货护肤品那一定是因为我看多了xx是国货之光的营销	0
这是一种趋势，非常棒	0
其实并没有，我身边还是有很多人买的外国货，好多人用的手机也都是苹果。如果是选国货，那一定是因为便宜，因为疫情物价上涨，消费水平下降了	0
我支持国货，我爱国货	0
看质量和性价比吧	0
所以有什么国货品牌推荐吗	0
赞	0
国货质量提高了，性价比还高	0
买东西不管是国货还是进口货，只按预算、需求和性价比来做出选择，适合的就是最好的。	0
上一代说着外国月亮圆的那批人怎么还在这里跳脚	0
主要是买不起了	0
因为消费降级	0
匡威和回力你们会选择哪个？	0
评论好多刷的评论，，，	0
国货当自强	0
1	0
。	0
1	0
OK	0
祖国强大啦，当然爱！	0
看透了没必要浪费钱在附加值上，国货只要品质过硬，当然不会浪费辛苦赚的钱，毕竟大多数东西用的是品质不是附加值	0
实惠	0
因为疫情，国货更安全	0
有的国货就是很好啊	0
瑞累？	0
我就是买  国货护肤品  推荐 兰，设计的都很高级	0
因为便宜啊	0
因为便宜又好用呀！	0
便宜 务实	0
因为傻子少了	0
性价比高 质量好了呀！	0
其实在每个人喜欢的东西不一样，而且很多人都喜欢便宜的	0
因为便宜实用啊	0
看品类吧！！国货里的护肤这一块，真的是起来了！！	0
因为心情好啊	0
谁买谁知道，真是越用越香	0
国货品质上去了，性价比高是最直接的关系	0
有钱的年轻人大多数是国货和国外奢侈品都买，奢侈品占比更多	0
很多国货更好，性价比更高，当然买国货。再说，外国货好多都是国内产的，要不就是越南、泰国等生产的，还不如买国货呢。	0
年轻人为什么又上头条！	0
别管	0
为什么不能都选择呢，哪个好用用哪个。	0
性价比高，简单来说就是不贵质量也还行（质量非常好的也很贵）	0
舍得营销一下就被忽悠的买了呗	0
年轻人越来越爱国了。比五四时期都爱国。	1
不要相信直播带货！！	0
因为便宜	0
#年轻人为什么更爱买国货了#国货当自强，迎合少年郎。	0
便宜是第一要义，在能用的基础上如果好用，那么就是会被分享的宝藏好物 #年轻人为什么更爱买国货了#	0
因为不爱买国货的人别让他们说话	0
其他不知道，但是国产医美护肤品真的很不戳，希望品牌方继续内卷	0
刚买了车，下定了，又买了辆吉利的	0
其实我觉得国货就是要在国人的支持中才能顶天立地，真的要懂得坚持	0
因为性价比高	0
因为工资低物价又高	0
奥莱阿迪达斯四件五折，一双鞋也就两三百，我还是买不起中国李宁了	0
有没有一种可能是没得选	0
大概是国货性价比高吧	0
咱能别天天夸自己了么，就天天，哎哟我真是	0
护肤品，化妆品全线，手机，电脑，日化产品都用国货了呀。为什么，情怀是一回事，好用更是买的理由呀。	0
别想多。是因为便宜，没其他原因。	0
首先质量不差，性价比高， 其次便宜， 最后还能彰显爱国精神，给国有企业创造收益	0
国货珀莱雅，不说和千元护肤品比，但是五百块钱以内的护肤品里这绝对是能打的！	0
国货越做越好，买哪里的不是买，支持下呗	0
科技与狠活谁不爱呢	0
好用不敢说，主要是便宜	0
以前买匡威帆布鞋，现在穿50块钱一双的环球，也很舒服	0
这热搜真尬酒	0
因为国货自己争气，质量变好了，不然谁敢买，治治食品安全吧	0
国产护肤品真的便宜好多那些进口化妆品，真的好贵	0
质量   质量  品质  品质	0
买国货有些是因为性价比真的很高，有些是因为确实品质很不错。	1
因为便宜，质量也好	0
是民族自信，不是名族自信。	1
因为随时可能裁员，找不到工作，但是还要继续还贷款，股票跌到裤头都松了，所以消费降级，我都穿公司发的衣服 并不是我不想买买买	0
薇诺娜	0
质量好了	0
我用鞋子来说吧，以前真的很羡慕阿迪达斯耐克的鞋，好看。但现在国产鞋又好看，穿的又舒服又便宜，真的没有理由不选择国产。	0
追求性价比	0
珀莱雅真的很不错	0
国货确实好了啊，还实惠	0
请先讲清楚是怎么做的调查	0
时代变了	0
啥是国货？	0
因为中国是经济发达的国家里能买到外国货的渠道最不好的呗	0
不知道什么时候开始只买国货了	0
支持国产	0
便宜是一方面，国产现在做工也比过去强多了，提高品质才是国产最好的出路	0
好用又便宜，为啥不买啊	0
双标的另说	0
国货物美价廉呗	0
就支持国货就支持国货	0
因为好用又便宜呢	0
中国李宁和nike比，更潮更懂国内消费者，品质也比nike在越南工厂制造出的东西好。 价格也更优惠；nike现在还剩了些骨架，血肉都干了	0
好用便宜适合自己啊	0
00后最爱国	0
因为性价比吧，并不是看哪个国家的。我洗发水沐浴露洗面奶都是用的日本的，日本的便宜又好用，比如资生堂那些	1
文化自信	0
便宜	0
因为李佳琦	0
但凡有钱…	0
消费降级啊	0
没有啊	0
不然给美丽国捐钱造装备来打我们吗	0
钱都收割了	0
我现在就用好多国货，比如vivo手机，小米手表，华为耳机，鸿星尔克衣服鞋等，买车也优先考虑自主品牌	0
支持国货	0
品牌溢价太严重，更追求实用性了	0
国货跑鞋是真不错，价格也确实不便宜	0
国不国货我不知道，哪个质量好性价比更高我就买哪个	0
中国人不骗中国人	1
便宜也不差，没必要把钱浪费在关税上	0
你这个观点我不敢苟同，我个人认为这意大利面就应该拌42号混泥土，因为这个螺丝钉的长度很容易直接影响到，挖掘机的扭矩。你往里砸的时候，一瞬间他就会产生大量的高能蛋白，俗称UFO。会严重影响经济的发展。至于对整个太平洋，以及充电器的核污染。	0
我14岁的小外甥都是给买的安踏和李宁	0
啥子消费降级，直接出局了好嘛，几乎什么都不买	0
国货没有狠活儿又好用的话肯定会买啊，可是呢？？？？	0
只买好用的产品，国货越来越好买的人就会越来越多。	0
希望国货争气呀，不要让我们年轻人失望	0
领导爱穿李宁	0
国货崛起	0
童心向当	0
你猜	0
只要东西好 当然会支持国货了	0
国货完美产品值得信赖	0
因为便宜，消费降级。	0
年轻人为什么越来越爱呼吸了？ 年轻人为什么越来越爱眨眼睛了？ 年轻人为什么越来越爱长头发了？ 年轻人为什么越来越爱床衣服了？ 年轻人为什么越来越爱穿裤子了？ 年轻人为什么越来越爱说话了？	0
舆论导向，道德绑架呗	0
又便宜有好用	0
这年头不都看性价比的，最多同等性价比我选国内的	0
因为便宜，贵的国货也是不碰的	0
我爱隆力奇蛇油护手霜	0
转发微博	0
主要是买不起进口了	0
就像之前在超市看见白象方便面，想到之前白象上过热搜，就随手买了，回来煮过后，发现真心好吃，老母鸡汤简直可以当做火锅底料	0
生长环境不一样吧，因为现在国家比上一代强大了很多，所以这种环境成长起来的人自信很多	0
还能编出这么多字也是难为小编了	0
因为国货质量越来越好了，物美价廉谁不爱	0
因为便宜！	0
国货做得越来越好了	0
笑死因为买不起贵的啊	0
因为挣不到钱	0
因为预算变少了	0
支持国货👏	0
因为疫情	0
因為國貨便宜 說完	0
不出名的国货好用。出名的是真不便宜	1
因为便宜，我们只买便宜又好用的东西	0
因为不想上当了，在国外买的货，取回来一看made in China	0
我要是有钱就买进口的了，前几年有钱的时候我连水果都只吃进口的，现在连路边10块五斤的橘子都舍不得买	0
有没有一种可能是因为疫情大家经济都跟不上了	0
因为外国品牌靠嘴割韭菜的时代过去了	1
我只在乎品质	0
一起吃海鲜牌添加剂，我骄傲？	0
又不追求品牌，实用型来说国货物美价廉，年轻人又不傻	0
省钱呜呜呜	0
千金难买我喜欢，好用颜值高价格合适不香吗	0
谁好用就买谁，有问题吗	0
供给侧结构性改革	0
年轻人为什么系列……	0
因为海克斯科技	0
年轻人看中的是性价比，不要拿爱国来绑架年轻人	0
疫情疫情	0
小编不防来猜一下为啥只能买五菱宏光尔不买更好的保时捷，宝马奔驰等大牌呀	0
这叫势	0
因为收入低了。。。其实国货也不便宜。。。	0
月薪决定	0
把产品做好比啥都强	0
护肤品我一般用进口的，国产的又贵又不好用，而且香味太浓了	0
我表示没有接受调查  你的数据哪里来的？	0
只要便宜质量好为啥要当大怨种买进口的	0
又开始问年轻人问题了，88年的有资格回答吗？	0
因为便宜又没用	0
因为现在的一代更自信，更自我，见多识广，不轻易妥协	0
好用哎	0
买东西还得看国家 合适才买的吧	0
便宜	0
很难吗，因为李佳琦	0
消费本质买的是产品和服务，明白这点的国货路就会越走越宽	0
因为消费降级因为便宜	0
笑死人	0
@我的印象笔记	0
没有，只是买不起大牌，我现在都是买分装大牌，便宜一点，再是大促的时候买贵的，会便宜一点	0
做的好我就买，做的不好还贵的，说的某些牌子，我是不会买的	0
只买适合自己的，无论国货还是进口	0
手机的话华为苹果我都用，鞋子我穿安踏鸿星尔克，从来不买耐克管他是哪里的货，我只看东西质量当然情感上会更偏向国产	0
因为便宜	0
进口的买不到	0
爱国道德绑架的人太多	0
我觉得是便宜又好用，例如国产手机，如果没有对照相视频特殊要求的，我觉得oppo就可以满足普通人的日常需求。买了苹果，也就是那么用。	0
是真的想买国货，有些很好，但是有些真的要努力了	0
因为国货现在确实比以前好很多了，也便宜。而且年轻人生活在中国高速发展时期，并不会迷信国外品牌。	0
我知道苹果很好，也知道华为的缺点，但我不会选择苹果，我买华为	0
我买洗发水酷爱蜂花，还推荐我家里也买哈哈哈哈，超级好用！！！	0
因为年轻人成熟了	0
国货也要争气，质量和设计也做上去	0
天天年轻人年轻人，年轻人为什么不造光刻机？	0
不加“年轻人”三个字你能活的更久更快乐的	0
不爱	0
一样的东西为什么要多花钱，省下的钱出去浪不香吗	0
我也想支持国产，但是国产的质量打我脸啊！八千多买的冰箱用第二年就漏氟了，售后的说是概率问题让我摊上了	0
？	0
我现在是发自内心地觉得阿迪耐克土…	0
跪着的少了呗，90后过的日子好，家庭条件好，没有那种自卑感	0
因为性价比高呀！质量在，价格实惠。而且以前很多国货似乎给人的感觉就是“土”，现在的时尚度也在上升。反正我和周围的朋友现在基本上都是买国货的	1
微博为什么总爱用#年轻人为什么XXXX#定义年轻人	0
护肤美妆这一块确实很多国货在崛起啊	0
因为便宜呢	0
怎么调查的	0
有些就是挺好的啊	0
那个被偷了名字的，精心是正经协和。	0
因为更便宜呀	0
便宜呗，还能为啥	0
性价比高	0
1.便宜 2.国货总体水平较往年有进步	0
并没有	0
有没有一种可能，无关乎其他，只是自我收入和消费水平的原因	0
月薪10万的会用1000块的手机吗？还为什么？为什么自己心里没数吗？	0
性价比	0
有些国货也没有很便宜好吗！	0
年轻人已经成为被舆论的对象了吗？ 啥事都是年轻人为什么不爱… 为什么年轻人越来越不喜欢…	0
爱国和支持国货两回事 用好用的不影响我爱国爱祖国大好河山	0
消费降级再加上看着也还可以	0
因为认清楚外国资本对中国市场的阴阳两面，好想骂人	0
评论这么多意见啊……我就是看性价比，所以买国货越来越多，手机三四年一换，换给父母继续用，我用新款我不觉得卡啊	0
不针对国货或者进口。在有限的能力中择优选择。国货也有很好用的品质很好的，同样价钱买到更好品质的国货当然就会选国货啦。	0
我现在穿衣方面越来越喜欢买国货了，	0
国外不卖你了呗	0
一样的用，当然要价格实惠的	0
不要再说年轻人为什么哔哩吧啦，我们不是韭菜流量密码	0
因为便宜啊	0
因为经济不景气呀	0
为啥总是会有这样的热搜和提问	0
穿国货也是一种潮流吧	0
越来越多的商家开始质量变好了，要是国家质检部门要求更严格一点，国产的东西价格便宜，质量还好，就没有人愿意买国外的东西了	0
不提年轻人你他妈没得写了？	0
有一说一，有的国货并不便宜，质量也一般	0
主要看价格，啥便宜买啥	0
性价比高，年轻人也不迷信外国货更好了	0
因为我们喜欢赞美 感恩 赢	0
便宜又容易坏呢	0
一个便宜三个爱	0
年轻人每月必登两次热搜	0
肯定是因为性价比高啊	0
是因为不想买吗，是因为买不起啊	0
因为国货质量越来越好了，价格还实惠呗	0
还是看中性价比的人更多了。	0
国货质量逐渐拔高，支持国货也是趋势	0
先把制造标准提高	0
因为没有钱	0
国货更懂国人审美	0
看了几个说支持国货的，都是苹果。	0
好像除了护肤品 保健品 就都是用的国货了 衣服是国外品牌应该也是made in China吧 ？ 没注意过	0
一旦质量对标国际，销量好是早晚的事	0
也因为没有钱	0
消费降级呗	0
国货好啊，物美价廉。我现在都看是不是国货。当然，前提是国货不把国人当大佐	0
多年以后才明白党的领导的重要性。供给侧结构性改革👏👏	0
怎么统计的呢	0
因为质量确实好了	0
日常饮食还是买国产的，新鲜。进口的生产日期都得半年以上，何况这日子谁吃进口东西就是找死！我不怕怼。其他物品按消费能力自行选择	0
法拉利4万的风衣都卖爆了	0
别的不说，服装类，国货设计是真的顶	0
好用就用，管他什么货。一天天的年轻人怎么怎么的，关你什么事？无聊透顶	0
便宜呗	0
回复@辣条的发明妨碍当淑女:韭菜多呗😂	0
隆力奇蛇油护手霜超好用！还有标婷维生素e乳～密扇、荷青川一些服装品牌不输大牌的！	0
回复@东瀛蛋哥:多吃点日本核食 美国瘦肉精涨涨智商	1
国产的好	0
回复@ggzz1110:关键这是你能摆的明白吗	0
回复@东瀛蛋哥:这叫摆明事理	1
回复@叽里咕噜磨磨唧唧:保时捷有飞机般便捷，你这思维才时髦，同为代步工具有什么荣耀的？	0
回复@青丘白胖:好吧	0
哪有什么选择，都是被引导的。以前奢侈品小资，现在爱国国货。	1
回复@辣条的发明妨碍当淑女:带大节奏是吧你有什么目的！为什么这样做！	0
回复@不犟嘴的土豆:暖棕色，打错了。	0
因为不买被人骂	0
回复@与光莫同尘:高端的来不了，低端的跑了。	0
回复@把握进厂时机:	0
回复@放个屁我就跑:我用的着你来看😅	0
回复@summepink:那肯定的	0
回复@ggzz1110:你很会偷换概念啊	0
回复@魑魅魍魉aptx4869牛鬼蛇神:你是什么牛头人😅	0
回复@我想早睡但不想早起:全家桶再爽，也不能忽略那么多缺点吧，充个电冲一个多小时也叫爽？说白了还是你对于崇拜的外国货有无限的包容心	0
年轻一代在享受国货，又在骄傲无畏的创造国货，他们更是爱国的一代人	0
太聪明了，我家墨墨有这么聪明我能笑醒	0
狗狗，是你⼈⽣中的⼀部分。⽽你，却是它的⼀辈⼦。它们的忠心程度是难以让人想象的，只要大家爱护动物，动物也是有感情的，它们会用自己独特的方法甚至生命守护这份感情，真的不理解那些仇恨虐杀动物的人，人的本质本应该善良！	0
呀，不好保存呐	0
是不你把爷电车子骑走兰	0
错一个费一卷卫生纸	0
这画功了得	0
你有大量时间啦	0
隔离的太无聊了吗哈哈哈哈哈哈	0
厉害了	0
@塞上李云中 不知道李道长是否有这个闲情	0
面前这个临时抱佛脚的女生一听到同学的名字立即把书合上了	0
我小学时就这样	0
用过	0
求孩子们心理阴影	0
我们高中语文老师就是这个样子抽背的	0
直接上去把自己那根签带走	0
高中老师就用过了	0
@toptolto @月落桂桂 @刘口水noooooo @Ybbaihhh	0
看饿了	0
这哪是聪明啊，还懂点医术	0
这是李时珍托生的	0
歘歘歘歘	0
不要求组词呀，只要会拼读拼音就行了呀。本来就是学拼音的，没必要过度延伸	0
日吧欻	0
太酷啦	0
喵喵战绩榜	0
这个8好像是用7改的	0
小猫咪不识字 哈哈	0
和我的猫一毛一样长得	0
看得出来是从七改成8	0
第八个小时真是头铁啊	0
好像一只八嘎	0
猫咪光荣榜  2022 奇怪得一年	0
这小胡子一看就。。。。	0
谁把我的战绩贴到这儿了，赶紧给朕撕下来，不然我挠他。	0
没有赔警察叔叔的草皮吗	0
我们叫酸菜	1
#云赏白云山满山红叶#	0
谢谢阿消致敬！	0
心疼蓝朋友	0
致敬！	0
确实挺难受的，我十一在天安门为了看升旗站了6个小时，在床上躺了2天才恢复过来。。。	0
太辛苦了	0
先搓搓，神经元动起来，不然走不稳	0
致敬	0
腿麻了吧	0
辛苦了	0
辛苦了	0
致敬	0
辛苦了	0
图片评论	0
陆老师得了27年的高血压，是因为突发心梗离开了我们！🙏	0
玉可碎，而不可改其白；竹可焚，而不可毁其节；身虽陨，名可垂于竹帛也	0
武圣走好	0
云长去矣	0
老三国真的是太经典了，和真的一样。陆老师扮演的关羽，完美演绎了心中的关羽形象。玉可碎而不可改其白，竹可焚而不可毁其节，身虽殒，名可垂于竹帛也。一路走好！	0
兰州疫情有人关注吗？小孩子都搞没了 怎么管理的啊 都出人命了！  一直持续不断 中央不发声吗	0
🙏	0
我三五八团一定帮帮场子。	0
暗淡了刀光剑影，远去了鼓角争鸣。	0
云长公经典难越，陆老师走好🕯️	0
心血管疾病当前很严重	0
请关注兰州七里河事件	0
评论区别关啊	0
呜呼哀哉	0
难过难过难过	0
真诚一问，历史上的关二爷被吴军杀害是不是也是66岁？但是我知道的是，无论历史上还是现实中，关二爷都走在了张飞的前面！关二爷一路走好，	0
太可惜了	0
陆关公，一路走好🙏🙏🙏	0
陆老师您请一路走好！愿天国没有疾病。	0
最爱老版三国了，人物服装，语言，道具特别好	0
🙏	0
如果有现在的特效技术，再加上当时的演员就好了。	0
暗淡了刀光剑影，远去了鼓角铮鸣。	0
都是老演员，可喜欢看演的三国演义，很经典哦	0
再无关二爷	0
陆老师一路走好	0
不可能！绝对不可能！我二弟天下无敌！	0
楚云飞？	0
身已去，竹帛垂！陆先生走好！	0
云长去矣	0
云长二哥去矣	0
身虽死，名可垂于竹帛也！🙏	0
老师走好	0
好突然，还这么年轻	0
之前我们这楼盘商演还请过他，才不到两年，唉	0
老艺术家一路走好🙏	0
归位🙏	0
身虽死，名可垂于竹帛也，又何惧哉	0
二爷	0
他唱的一壶老酒	0
陆老爷子一路走好	0
某虽不才，亦颇知忠义二字。玉可碎，而不可改其白；竹可焚，而不可毁其节；身虽死，名可垂于竹帛也！又何惧哉！	0
二爷走好	0
身虽死 名可垂于竹帛也 云长去矣	0
缅怀	0
关二爷走好，泣拜	0
前段时间还看了陆先生参加了《萌探探探案》，当时陆先生精神抖擞，气势非凡，怎么这么突然	0
桃园空遗三结义，世间再无二将军	0
🙏🙏🙏🙏当年真觉得他好帅气好man	0
🙏🙏🙏愿关羽的扮演者陆树铭一路走好！感恩感谢你们这些为演艺事业做出贡献的艺术家，记得您在综艺节目里唱出的《一壶老酒》，非常棒！	0
Rip🙏🙏🙏	0
转发微博	0
一生孤傲创辉煌，青龙偃月斩苍茫，一壶老酒今犹在，不见当年关云长	0
图片评论	0
一路走好	0
云长，去矣🕯️	0
关二爷得道了	0
永远怀念陆老师！	0
一路走好	0
关二爷  一路走好🙏🙏🙏	0
老师走好	0
陆老，这么着急去天上当武圣吗	0
去年还看老艺术家参加综艺呢	0
关老爷走好🙏	0
永远的关云长，陆老走好	0
🙏🙏🙏	0
关二爷保佑	0
走好	0
一路走好！	0
走好	0
呜呜天妒英才 一路走好	0
关公是公元220年去世，而今年是2022年	0
我心目中的关公就是长的您这样的，陆老师一路走好！	0
不可能 我二弟天下无敌	0
过来只想问一下，兰州七里河事件为什么把评论关了	0
一路走好	0
确实演的好	0
一路走好	0
陆老师走好🙏🙏🙏	0
啊？？？不能接受，演的多好的一个角色，就是我们心目中关羽的样子，才66岁	0
惟凭立国安邦手，先试青龙偃月刀。	0
关羽	0
后面拍的三国是什么机巴完意儿	0
肯定是江东碧眼小儿干的	1
太突然了！太匆匆啊	0
此后再无武圣	0
九月份刚刚重温了老三国，那经典的绿袍大刀形象真的是刻在脑海，眼神也是感觉武圣本人啊，可惜了可惜	0
🙏🙏🙏	0
身虽死 宁可垂与竹帛也	0
武圣走好	0
救救兰州	0
难受	0
@Ironman2007: 陆老师走好！从小看三国，一直喜欢三国，和好友品三国，三国影响我的性格和成长。没想到云长、孟起、凤雏、伯约俱已去矣，童年和青春的美好记忆随时光飘逝，但是岁月啊，你永远带不走那一串串熟悉的姓名	0
一路走好	0
故人依稀凋零，好似风中落叶，云长走好	0
关二爷，千古英雄，走好	0
一路走好	0
好年轻啊悲伤😞	0
关将军走好	0
一路走好	0
陆老师是个热情的人啊	0
一位非常好的跨界艺术家！他的作品都是精品，包括《喝一壶老酒》。一路走好🙏🙏	0
🙏🙏🙏	0
哎妈呀 一壶老酒那大爷去世了  想不到啊	0
回复@KingJames丶小迷弟:演义我记得是59岁	0
一路走好	0
云长，去矣	0
一路走好陆老师	0
🙏🙏🙏	0
一路走好	0
一路走好	0
要一路平安走好	0
心目中的关羽就是这样的	0
一路走好	0
七里河那个小孩的通报你倒是打开评论区。。好好问问孩子是怎么死的？	0
兰州七里河孩子死了 评论咋关了。上面给压力了嘛	0
做新闻媒体的连最基本的打开评论都做不到。舆论的监督作用就这样被抹杀	0
通过各种评级把人民继续框在⭕️里面	0
兰州七里河区的事情看不见评论了	0
看看河南郑州吧   看看富士康吧	0
一个社会如果不去敬重生命，那么他们的今天就是我们的明天。一个官方网站，发布信息不开评论。一个新闻媒体，普及信息不求真务实。干得漂亮	0
为什么关兰州评论	0
这么假有意思吗？人民喊在嘴里，踩在脚下！	0
新闻，是记录社会、传播信息、反映时代的一种文体。现在呢？还是吗？这让兰州七里河的小孩在阎王爷那怎么说自己的死因。	0
评论都不敢开，你发什么新闻啊，做什么媒体啊	0
兰州七里河孩子的事评论咋关了？不让公民说话吗？	0
评论区打开啊，兰州小孩子怎么办	0
新闻讲究真实，你们转播了一条造谣	0
大家放过“中国新闻周刊”吧，它没有自主权，在这里供职的人也和咱们一样如鲠在喉，但是没办法，他们也是平头百姓	0
牛！	0
牛	0
“我劝天公重抖擞 不拘一格降人才”	0
人民的交代 根本没有交代吧	0
官网就这样么？？？兰州的评论为什么关	1
为什么删兰州的评论，给你好处了吗	0
你就是最大的谣言传播者	0
你在怕啥，逃避？	0
公信力下降的后果，会引起民愤，民愤的结果可想而知，希望上面的人真正为人民服务	0
看了这么大一堆，还是不明白农民评职称有啥用？涨工资吗？闲的	0
兰州那条微博你把评论打开呀倒是	0
打开评论	0
真厉害啊，牛逼，真牛逼	0
怪不得护照办的人多呢 亲管那么严还走的人那么多 年少不知国外好	0
为什么只关七里河的评论，不是媒体人吗	1
现在的官媒 也不过如此 破防	0
6	0
兰州七里河的评论呢？	0
真他娘的是个人才！	0
今日抛弃人民明日被人民抛弃	0
可笑死了，兰州七里河的事情又要压吗？不敢开评论吗？	0
这还是中国新闻周刊官方微博吗	0
6	0
好事，可参考	0
职业职称嘛。和身份定位没关系	0
良心不痛吗，不对，你们有良心吗	0
害，你继续	0
你不应该叫中国新闻，应该叫权贵新闻，原先的人说媒体人也是人民的战士，你到好把人民的发声往死里压，三岁的孩子，你们都没有孩子们？	0
先把评论打开	0
一斤多六七两 太可怕了	0
这个方法好，可以测试商家会不会短斤少两，有没有诚信。	0
放上自己的手机就行了。手机随身携带，用手机当砝码	0
是不是忘记加上去皮的重量了	0
关键是违法成本太低了	0
次日菜价上升百分之三十	0
年轻人，好样的，以前凡是和学校有关的我朋友不敢说………	0
双十一新品上市	0
学校后勤食堂是学校领导的提款机，就是要赚你学生的钱！这就是为啥不准学生去校外买的原因，打315举报	0
拜托有点智商吧 第一家肯定是设置了减了盘子的质量啊 这还能上新闻？	0
请关注一下兰州七里河三岁小孩因政府疫情防控过当致死，并不是官方所说的一氧化碳中毒	0
黑心啊，一斤四两，至少20块！	0
郑州哪个学校这么黑心？	1
下次再去吃麻辣烫时，也带瓶饮料过去查验。	0
以前福建一个同事说他们买东西都是用自己手机看秤准不准的。	1
处处是坑百姓。	0
短斤少两，必须狠罚	0
你为什么删我评论	0
请关注兰州	0
请关注兰州疫情	0
兰州特警都深入群众了，真好	1
兰州三岁生命！！！！！	0
为什么要对兰州的事情说谎？	1
兰州不管了？一条人命呐！	0
学生钱真的很好骗是吧，艹	0
请关注兰州七里河事件	0
兰州疫情 兰州疫情	0
为什么这条不开评论精选	0
兰州的事情为啥不能评论	0
为什么说出真相？	0
好家伙，我上学时候怎么没想到	0
请关注兰州疫情	0
看到这样的新闻只会觉得可悲	0
这商家心太黑！	0
第一个二斤多一两，误差正常范围内。后两个就离谱了，一斤能差六七两，二斤就能要三斤多的钱。@查理怪蜀黍Alter	0
兰州七里河孩子是怎么了	0
哎……	0
这样的社会正能量英雄，能否给他提供免费长期康复治疗……其实康复治疗除了专业出力也不会有短期成本产生。🙏🙏	0
见义勇为的应该被社会所照顾，不单单是精神奖励，根据情况帮助他们	0
怎么救助？帮忙？	0
对因为见义勇而造成自身伤害的人，国家应该承担全部救助义务！弘扬正能量，不能只是精神层面！	0
有捐款渠道吗？	0
应该有人帮助一下，这人可以	0
老天爷了？好人好报了？	0
偷换概念了吧。那是收账户管理费收的	0
如果是欠了200，那一年之后还是200吗？	0
贷款的话就是按2的年次方来算利息了	0
嗯嗯这个月欠花呗快4K了	0
支付宝当面没有把银行干翻，也是件憾事	0
无语	0
真是不懂了	0
你要变贷款试试	0
就是不知道会不会偷换芯片。	0
看不到评论了	0
为陕西文物打call	1
希望是假的，但是有网友发现背景的超市和电竞酒店都对上号了怎么解释呢？	0
终止谣言的最好方式就是公开实际情况，大白于天下。情况不明，谣言不止，事情只会愈演愈烈	0
当年较早说武汉有病毒的医生还被抓了的，辟谣可信度太低	1
看看兰州三岁小孩事件！！！！	0
官方发文我不信	0
是因为没人管，才会导致如此吧。把一寝室的人放一起心里防线崩了。	0
不关心了，老路开始了吧	0
希望是假的，让726宿舍的人出来辟谣吧	0
额，我啥也不说	0
726可假，但走回家的人是真？为什么要走回家？	0
在中国凡是辟谣的，大概率都是真的，真讽刺	0
在评论里只看到了河南政府公信力下降的多么严重	1
河南的官方的确诊人数最真了吧	1
说郑州要封的人都被抓起来了，还说人家造谣，多亏了他，我家屯了好多菜	0
有人开始攻击企业了，不是好现象，	0
破除谣言的最好方法是信息公开透明！	0
所以，到底确诊了多少呢	0
不管726到底怎么样，不公布阳性，阴阳混住，当时不给饭吃，舆论上来了才去弥补，这些问题都是基本证实的呀	0
做为郑州人，深知网络不是法外之地，但是我为啥敢说官方在撒谎，你们想想	1
为什么富士康疫情的事不被报道，澄清的一波又一波	0
今天什么日子不知道吗，整个河南朋友圈都传疯了，郑州一群演技派，督察组面前演戏解封，直播下面一片祥和，连新闻主播自己都笑了。	1
富士康这事发生之后，我已经不再信任官方了，呵呵，对自己的人民不管不问，说官话糊弄人民有一套！	0
要相信党相信政府	0
情况通报不积极，报警第一名	0
问问在座的郑州人，谁还信官方，官方发的都是给省外人看的	1
真相只有一个，都在人心里	0
次次网图，哪次各种辟谣结果全说是网图，笑死	0
公信力已经大打折扣了	0
人间炼狱	0
现在我觉得所有官媒说的话我都不信。我相信群众	0
请726宿舍八个女孩出来辟谣	0
第一条评论正在看着，眼睁睁被删了	0
乌鲁木齐整个城全羊了，发帖就删，网上信息是一点看不见！也是6。	0
烂透了	0
那叫726寝室的人直播辟谣啊	0
警察出文应该相信	0
一面是生生的现实，一面是官方数据和辟谣，百姓心里自有评判	0
公信力崩塌到这种地步，真的是我国的福报啊	0
这个社会怎么了，整天生活在谎言里！	0
造谣的赶紧抓起来，烦死了	0
历史会铭记，有些人终将成为罪人。	0
我记得好像就是这个官微主编造出的小镇做题家？	0
那么多的视频是真是假，在当下的社会还会骗得了百姓吗？	0
郑州现在是真的乱，说解封实际还在管控	0
这么多年了，反而又走老路了	0
公信力何在	0
郑州zf差不多得了，今天我做舆情周报，一半多都是你们	0
国民意识决定民族意志，军事靠经济，国民也当觉悟提高，从永远支持国货开始	0
不太相信，年轻没基础病，不会这么快的。自愈的多吧	0
既然回应了，为啥弹出的消息还给屏蔽了不让点？能不能给网友一个真像	0
我不信真的，要不然人不得逼的都在直播，含糊其辞描述自己的情况。人这样为啥，那肯定是逼不得已了	0
注意这是富士康单方面的回应，不是警察，也不是政府的回应	0
境外势力啦	1
郑州的情况远比想的严重 哎 一出事就是想着辟谣 能不能好好正视问题	0
止于公开。	0
这样的谣言都有这么多人信，国人的智商有待提高！！	1
富士康回应算怎么回事？富士康有权威性吗？	0
接受新闻媒体的采访。必须采访当事人，敢吗？必须公开透明。	0
看看新疆疫情吧，三个月了	0
今天我还想发郑好办呢，这个传播726的太多了，大家都胡乱转发在网上沸沸扬扬，损害公司形象郑州形象，	0
//@鹏赪恩泽:在中国凡是辟谣的，大概率都是真的，真讽刺	0
你怎么辟谣我都不信，因为你们已经没有公信力了	0
河南-瞒报强省	1
之前都看见富士康某工人说了726真实事件 过了挺久了 还给来个官方回应？？？我看看你投诉举报谁 活命都来不及了 闲的去给你剪辑？	0
现在的新闻还有可信度吗？	0
这是今年郑州十月疫情以来，富士康第二次辟谣	0
哎	0
今夕是何年	0
我觉得是美国在借此订单，派了间谍专门想整我们是不是哦	0
越洗越黑 真的不如不洗	0
人心散了可不好聚了	0
身在郑州，说句实话，富士康事件真的被人恶意传播了……	0
我分不清到底哪个是谣言……	0
为什么要瞒着？	0
我依旧记得解封前一天的文件满天飞说明天解封，结果呢，立马作废。可是作废之后呢，第二天还是解封了你忘记了李易峰和吴亦凡?	0
【#富士康回应726房间事件#：恶意剪辑拼凑，已报警处理】	0
现在不止老百姓哦，都在瞒报漏报喽，什么公开透明，实事求是，已经不太相信了。	0
如果是假的，这些人抓出来要公示，不要发个信息就没了	0
苍蝇🪰不盯无缝的🥚	0
贼喊捉贼	0
辟谣辟了个寂寞，一点证据也没拿，恶意剪辑的依据也不发，受害者口供也没有，张口就来，和明星辟谣没半点区别。	0
请官方别发消息	0
坚持一百年不动摇	0
反正咱们就看看吧   怕被封号	0
富士康徒步回家的人到村里后确诊了，然后一起回去的密接人员也不拉走集中隔离，政府的人说没有隔离的地方了，只有确诊才被拉走，那些无辜的村民要是感染了，只能是自认倒霉了	0
这个虚假辟谣的责任谁来承担？	0
这个世界真真假假是非难辨啊，最好谁都不要相信，毕竟金钱社会，利益诞生于欺骗	0
不信谣，不传谣	0
辟谣一般都是真的，吴亦凡王力宏李易峰	0
不明白什么叫在符合防疫安全生产规范下，保障工作安全和健康照护。保障人身安全和健康是高于一切的，不应有前提条件。	0
行了，还有啥公信力啊…  你们现在说啥都中。反正啥都是你们说了算呗 看看现在郑州及周边的县市成啥了	0
720那么大事都敢瞒报一百多，前任市委书记下课，刚过了多久就忘了？	0
麻烦你们把原视频放上来大家自行判断	0
实事求是。说起来容易，做起来真的不容易。	0
你说是假的我信，你说没死亡我是真的信不了啊	0
别说了已经在mai了	0
一点公信力都没有的媒体，还要你们干什么	0
郑州的表演式解封怎么不澄清一下啊，有各社区发的通知截图为证啊！！！！！	0
谣言吧，都是壮年，一个小感冒，怎么可能死人。	0
标点符合都不能信	0
//@GD北城:终止谣言的最好方式就是公开实际情况，大白于天下。情况不明，谣言不止，事情只会愈演愈烈	1
//@生性滴得唔得:不是普通感冒吗？一个宿舍八个人都死了，这么毒真强啊//@李淳风·:希望是假的，但是有网友发现背景的超市和电竞酒店都对上号了怎么解释呢？	0
坐实了	0
根据官方通报，是使用液化气灶后一氧化碳中毒，但是液化气本身不含一氧化碳。只有在燃烧不充分的情况下会产生一氧化碳，试问:现在的液化气灶会燃烧不充分嘛，要是真燃烧不充分，那么多人使用怎么就没事。再者，使用液化气灶肯定在做饭之类，现在都在封控再家，为什么他的其他家人就好好的？#兰州疫情#	0
所以，是谁剪辑的，能枪毙吗？	0
原来有人不是鱼的记忆，7天//@绯绯绯柿_:还有汝州16岁女孩，西藏14岁女孩，新疆宝宝//@你的爱就像薄荷清凉的快乐:看看兰州三岁小孩事件！！！！	0
当今：大多数时候，辟谣才是最大的谣言🙏	0
希望警方介入调查	0
郑州学学南京怎么防疫的吧	1
现在政府和官方的公信力直线下降，感觉说什么都很无力。	0
河南太魔幻了	0
公信力的丢失	0
眼睁睁看着这个热点被压，同志们，这个事情绝对有大伞撑着，不然搞不了这么大的事情，	0
十几跳还记忆犹新，希望726什么都没有发生。	0
相信政府，不造谣、不传谣，人在做，天在看	0
我为唐山发声的时候平什么禁言我半个月啊靠	0
让住该宿舍里的娃儿们出来说几句话，谣言不攻自破	0
越洗越黑	0
家人们，华润万家	0
辟谣的速度倒是挺快的	0
除了辟谣就在辟谣滴路上	0
哎	0
民间还是有真的	0
那可不可以，不要屏蔽老百姓在微博发出的求救视频？！为什么，我们发不出去？微博都不能求救了呢？	0
求看主页新疆疫情，封了80天，混检异常不单检，家里老人孩子身体都不好，明天要全部直接拉走	0
大家关注下兰州三岁小孩被疫情防控耽误救治丧生事件！	0
现在郑州又新建那么多方舱医院干啥	0
但宿舍里的感染者确实没人管	0
可是郑州的朋友说富士康确实已经死人了	0
我发现河南是真的倒霉不顺河南来了好几拨了吧，就属这次最重？都照顾好自己！	1
现在的公信力为何已如此？值得反思…	0
有什么好信的，相信自己看到的	0
恳请大家关注一下兰州疫情，不要再压热搜了	0
富士康不暴雷天理不容，郑州疫情数据造假是真的	0
会展中心建方仓是不是前脚辟谣后脚就证实[我想静静]	0
只要你发言，时间对不上一秒钟，那就是你完蛋了！！你居然敢质疑！肯定是五十万，肯定是拜登的fbi//@鼓声钦钦:啊，难怪昨天看到郑州航班取消百分百的情况，原来是因为这件事？确诊多少呀？//@每天都想暴富的丽丽:说郑州要封的人都被抓起来了，还说人家造谣，多亏了他，我家屯了好多菜	0
#富士康回应726房间事件#希望是假的！	0
那么多打工人走路回家?	0
求求关注一下兰州#兰州3岁小孩未等到救护车死亡# 热搜被压了！！！	0
兰州三岁小孩事件。	0
“动态清零”不动摇	0
大家相信谣言而不相信官方，想想为啥	0
有没有想一想为什么越来越多的人不再相信你们说的了呢？！	0
真相不出现，谣言必四起，前车之鉴，一再强调，血淋淋的教训仍要屈服于现实利益的考量	0
我笑了	0
想问问：为什么员工不顾及自身安全，也要徒步上百公里走回家？！  请官方澄清！	0
那工人为啥都跑呢？	0
我只相信由公安部和国务院疫情联防联控部门召开的新闻发布会.	0
怎么今天开评论了，良心出来晒一晒吗	0
此地无银三百两	0
转发微博	0
这事肯定是真的，毕竟官方辟谣了，越辟谣的事情越真啊	0
呵呵	0
呵呵呵	0
说这话都不感觉可笑吗？有可信度吗？群众的眼睛都是雪亮的，还一味的欺骗群众。将群众对国家的信心一降再降。	0
就是不报道感染多少人	0
有没有富士康工作的小伙伴出来	0
富士康疫情还辟谣了呢，不是打脸吗？现在富士康说话谁还信	0
鄢陵一中怎么解释学生没有药饭都吃不上，那个孩子不上父母的宝贝，这样子的学校还怎么让家长相信，学生以后还能上学吗？	0
回应的挺快啊，人员徒步回家怎么没见回应这么快	0
各行业各类商品根本无需外资，淘宝直销等更多是日美股资，是严重欺诈侵略…必彻底整改清洗！黄赌毒电玩都必取缔	0
CIA最擅長激化矛盾	0
不信谣不传谣	0
现在的媒体官方回应 除了 辟谣跟澄清还能说点别的吗	0
报喜都开精选评论我服了，	0
早就没啥公信力了，你看看这两年发生的种种，为何都不信你们了，你们有没有想过！我现在真的啥都不信了，哎！	0
现在的官媒还有公信力吗？谁信？	0
大家别忘了去年郑州地铁暴雨死亡人数瞒报	0
辟谣了，看来是真的	0
看看新疆疫情叭	0
有意思，疫情瞒报导致人与人的信任感丧失，所以该谁来负责呢？	0
突然觉得合肥政府还不错。。疫情发放不好的肉。群众当天反应了。第二天直接把供应链给处理了。。。严格查掉3家。真的还蛮可以的。新冠患者有多少人。信息也透明。	1
上周辟谣的眼睁睁看着是真的！公信力呢？呵呵了，郑州洛阳的都懂吧。	0
无死亡事件！跳楼的视频怎么说	0
图片评论	0
除非他们公司盖公章，不然我不信	0
富士康经常出事是真的吧，报道呃呃呃还少吗，轻飘飘的一个解释没有任何证据，民众不是傻子。	0
话说 天天报道国外疫情死多少多少人。国内呢？人家没打疫苗？人家的疫苗不如我们的好？	0
既然报警了，我们等待警察的调查结果	0
6	0
呵呵	0
大伙不用吵了，726宿舍名单已公布，只要当事人出来澄清就行。哪一方都不能信	0
支持，我就是郑州的！	0
我不信	0
哈哈哈，油门踩到底加速，受不了了	0
真的假不了，假的真不了	0
666	0
真希望是假的	0
你一辟谣我就慌了	0
哦	0
怎么开评论区了？之前评论和谐加精评怎么不再用了	0
哈哈哈哈哈哈哈哈这波讽刺拉满//@土豆的梦想123:上海的同胞，你们当年确诊了多少？听说当时待遇不太好，不像俺，四人七个方仓，6000多医护陪伴，还是你们太落后了！//@小李子901331:所以，到底确诊了多少呢	1
你信？	0
现在法制成笑话了……//@嗅嗅000:726可假，但走回家的人是真？为什么要走回家？	0
已经对某某很失望了	0
就是啊，没病没灾的官方就让出来辟谣呗，跟唐山的不一样，唐山那个是接近死亡被打毁容不出来辟谣情理之中//@赵阿珂啊ke:你说的对 让她们出来辟谣 才是最可信的//@语屹:希望是假的，让726宿舍的人出来辟谣吧	1
河南除了富士康还有一个名不见经传的小镇，洛阳市吉利区，自从去年和孟津合并后，孟津县不顾人民反对及抗议，把隔离点设在吉利区43中学后面，导致整个高中学生感染60多例，有无王法	1
等唐山打人的出来辟谣吧，	1
为什么不辟谣汝州小女孩儿呢？是不想吗？	1
有视频吗	0
遵循内地官方辟谣了的一般是真相的规律的话….	1
不信任现在的新闻了，知道是以国为大，但是罔顾人民，稀烂稀烂	0
找到原视频的出处，辟谣才有说服力。	0
哟 第一次见没精选的评论区呢	0
你最好的真的	0
塔西佗陷阱，即当你做了一些事消磨殆尽公信力之后，不管你之后做什么事情都会被认为是坏事。现在公信力已经没了，不管政府怎么说，不管说的到底是不是真话，已经没人信了	0
信不信由你	0
哈哈	0
有视频嘛？我想吃个瓜。	0
有视频嘛？我先吃个瓜。	0
如果没问题，谁会徒步走回家	0
他们到底在做什么	0
啥都是谣言，你们还澄清不了	0
富士康的问题是否就像是历史中的漕运，对于现阶段而言是很重要，关乎百万民生，但我相信，总有一天，它会变得没那么重要的。	0
又将自己打脸，不信拭目以待	0
想知道到底什么时候能解封	0
让事实说话	0
我觉得有些人真的很搞笑 平常严格防控的时候他说国外都躺平了小感冒而已没必要还防控 现在一个地方出疫情了 一堆造谣死亡的却信了 所以现在造谣的和当时叫喳喳取消防控的肯定是一批人 做什么决定都不理智 不动脑子想最容易被带偏	0
大家还记得2019那个“造谣”的李医生吗？	0
这视频上海的时候就看过了！这病能死那么多年轻人我是不信的就是说反对躺平和支持躺平的人都沉默了！	1
官媒说话现在有人信吗？	0
官方信誉已经塌房了	0
塔西佗陷阱 最初说郑州静默的人被认为造谣，结果全市陆续静默，说东区建方仓是谣言，然后身边人住进了会展中心方仓。等没了公信力，说什么群众都不会信了。	0
那郑州演戏解封呢？	0
现在谁还信官方的屁话啊	0
正史与野史	0
富士康员工为啥要走，而不是其他？给个解释？！	0
这也是一面之词。	0
看看北京永安堡	0
我感觉你像谣言	0
看看兰州吧	0
毁灭吧	0
官方已经没有公信力了	0
就看了一个几秒钟的视频，其他的没搜到。证据不够，逻辑来凑。我们经历了3年疫情，防控的好不好先不说，但是因为疫情，因为缺医少药，因为没饭吃，这几种原因而至一个宿舍全部死亡，我是没办法相信的。我对政治体制再有意见，我也不相信他们能错到这种地步。	0
不要相信官方发言	0
求求关注兰州疫情吧	0
你们现在已经没有公信力了	0
就你tm放狗屁吧	0
西藏14岁女孩被轮奸的事情辟谣了没	0
恶意剪辑拼凑？那么请富士康把没有经过恶意剪辑拼凑的原视频发出来，我支持正义的一方！	0
既然是拼凑，那就一查到底，查明白这个视频的原本出处！上来就辟！开玩笑呢？	0
郑州政府最近几年的操作，以及富士康认钱不认命的操作，已经失去了人民群众对你们的信任了，不需要再试图利用一些焦点来挽回了	0
我们只看到了汝州和兰州的孩子，还有多少是我们没有看到的呢	1
为人民服务的国。	0
我希望是假的，但实际情况它是真的，视频是凑的，人死了是真的，痛心啊～，现在还在这掩盖谎言，我是真想给他们几句国粹啊～艹	0
人在做 天在看 封吧就 疯的人都疯了 你们的谎言比比皆是	0
求求关注兰州三岁小孩事件	0
拉倒吧，那么多人走路都要回家，可见这个企业多么_____	0
真相很难嘛？看看兰州真的很难	1
不在沉默中爆发就在沉默中灭亡	0
请大家关注关注兰州七里河三岁孩子死亡事件，谢谢大家。	0
公信力都没了 谁还信你	0
这世界都病了	0
各部门联动，辟谣一条龙服务	0
我想问还在走路回家的人，我们党有没有去采取救援，我看到现在，只看到人民救人民。难道他们不值得你们一救？我是很爱我的国家的，但是发酵到现在，没有单位偷偷去到富士康调查。那么多人集体选择走路回家，可见实际情况只会更糟糕！即便如此我依然相信党不会不救，可是救援的速度能不能快一点啊？	0
呵呵，每年你们不报销几个户口？	0
我不知道726是不是假的，但我确实刷到过几个发烧生病语气微弱说自己没人管也没有药，原来她们都是演的啊到底谁是演的大家心里都门清，谁让gxl一点点下降的，大家也门清，还用在网上争辩什么呢，别人不知道，始作俑者会不知道吗	0
郑州表演式解封	0
老百姓忍不了了	0
不敢相信，各种新闻，三年了啊，为什么？	0
真实就这么难讲嘛，别说什么负能量，md，就真的那么国泰民安嘛，现在还有什么可信的	0
现在政府的公信力还有吗，真是穿破一次又一次的底线	0
谁能确定富士康没在造谣？	0
发出来的！都是想让我们看到的！我们只接受遇难者的发文和辟谣	0
zf公信力一步步降低	0
大水终将退潮，而洪水过后，历史会记住谁在兴风作浪，谁在抗洪抢险，谁又在推波助澜。	0
不敢相信了 小区封了20多天了今天要解封了突然通知异常……万恶的资本家	0
再也不相信这种辟谣咯	0
不知何时官方的可信度越来越低了	0
昨天看到一个剧视频：灾难死了多少人，官方通报1347人  实际呢? 实际3百万人   现在的工作人员，听听算了当真就是傻（不是摸黑污蔑），看看身边情况要么普通人没有办法苦苦生活，要么有能力贪腐一堆事儿	0
确诊多少例？	0
不知道这次事件是不是假的。但是官方通报对我而言，只能信一半一半。上次长沙涉外经济学院，听说当场有两个学生去世了，结果通报显示只是受伤	0
暖心 国家真的都是为了我们好	0
消息好特别，外地人看不懂	1
现在的流言往往是真的，官方应该反思一下为什么	0
全部都在掩耳盗铃！	0
权大于钱的世界什么都是假的	0
可悲	0
哈哈，我相信你？	0
别扯淡啊，我可是看了视频	0
2022年了，依旧如此魔幻现实主义	0
看我ip，我理解郑州同胞🙏	1
笑死了	0
这两天每天都有陌生人给我要小道消息，还说只要视频看着有料，什么都要。怎么突然有这么多关心政治的海外同胞了？	0
那你让726的出来证明一下呗	0
让726室的人出来走两步呗	0
民不聊生🙃	0
726可能不是真的 但是无伤亡 呵呵 心里没点数？	0
人民没有舆情权	0
新疆伊宁市封了92天了	0
难道现在还有人相信官方辟谣	0
无论出于什么目的，颠倒黑白混淆视听者都可恨！	1
我看直播了，说确实动了切菜的那个，但是没有说的那么严重，不知道真相到底是什么	0
这件事我只信河南人的评论	1
一边有人说那个宿舍的都死了，一边有人说新冠就相当于流感，不会死人，，所以？？？	0
apple 不如把iPhone生产线也搬去越南吧。 不要留在郑州了。	1
今年上海可辟了不少谣	1
726如果是真的，怎么没有家人发声	0
回复@艺术来源情:这都叫去训诫了，要是大张旗鼓的说出去不知道会怎么样呢，这就是为啥不敢大面积说的原因	0
回复@逗比的小蜻蜓:那你快去领取50w吧	0
吴亦凡，李易峰的精髓都让你们学完了	0
回复@积积木木木:把好像去掉	0
#富士康回应726房间事件# 热度降得真快。如果是恶意剪辑，希望还原真相。毕竟视频里的哭喊声太过撕心裂肺。	0
回复@小李子901331:这么多，你咋没有，没感染的都没有发言权	0
中国现在就这样啦，。真好，	0
回复@派小星科技:不要幼稚了 法律法规也不是我们定的 说你刑你就得刑	0
回复@阿梁的天空:	0
回复@跟我去洱海:老家河南，深知河南坑有多深	1
现在老百姓还能相信谁？	0
回复@冬天春游:那他说法律对你来说到底算不算法律呢，怎么，你脑子里都“法律”已经脱离人类范畴了吗？所以你的意思是你压根不信中国法律吗？	0
回复@潇洒小妞NL:为了想出去打120，120说进不去，110一听地址直接挂电话	0
年轻轻的不学好，打工挣钱多好啊，在哪儿都能挣个几千块一个月，看看人家那些外卖人员，那么辛苦一样做！这种人活该！	0
判轻了，这种垃圾行为是如此恶劣。	0
江西……正常操作	0
太恶劣了，入室抢劫，还连续抢劫，威胁他人生命，判无期都不为过	0
多赔点钱抚慰家属更实际	0
政客没有眼泪	0
鞠个躬呗	0
主动担责	0
太假了	0
好演员	0
都不剖腹，这也叫道歉	0
像不像及时雨和卖草鞋	0
万圣节灾难，梨泰院游魂。🙏	0
人都没了，说再多也没用，都是假的	0
然后呢？	0
好假	0
吴世勋都当市长了？	0
就非得喝酒么？	0
酒精进入人体后，在肝脏内氧化成乙醛，再氧化成乙酸，乙酸很容易进一步代谢，从而排出体外。但酒后服用头孢等一些药物后，会产生双硫仑样反应，使产生的乙醛不能进一步氧化成乙酸，造成乙醛中毒，从而破坏一些蛋白质、磷脂、核酸等物质的生物活性，可引起急性心梗、心衰、呼衰、肝脏衰竭等严重后果。	0
一起涨知识	0
除了头孢，还有#哪些药不能和酒同服#？	0
人为财死。但愿能多一点生还🙏	0
🙏🙏🙏	0
2014年的上海，每个遇难者家属补贴是80万人民币…韩国你真的是发达国家吗	1
怎么，还要感谢么？	0
韩国你不是发达国家吗？	0
杯水车薪	0
韩国不是发达国家吗？怎么这么抠门？	0
就这？？？？这么抠门？	0
就这？？？？？？	0
《发 达 国 家》	0
300多块住宿补贴？	0
上海那一次80万人民币。韩国就这么吝啬吗？	1
为什么～不能提供买菜便利？一个个人能干的事，～确做不到	0
你看看你好意思报道吗？	0
大家伙都到好人开的理发店去理发吧！	0
能不能把沈先生理发店公布一下	0
政府难道不能让大家顺利买菜吗	0
传播正能量	0
正能量	0
为啥我们这都没有，还比以前的贵好多。同样是郑州的都封了大半月了	0
这个是不是花钱买的防疫物资钱让谁挣走了	0
这才是真正的当代青年应该有的，传统美德，传统文化，传统孝道！	0
怎么进京的？	0
太优秀了	0
西安的可以进北京？弹窗宝漏网了	0
最温馨、最有意义的消费	0
特别好！微博唯一的用途就是看到这些美好。	0
现在进不来了	0
优秀的娃	0
多好啊最怕的是子欲养而亲不待	0
这也是我最想干的一件事 真的怕岁月不等人啊	0
好孩子优秀	0
跟我表弟一个学校	0
哟 没弹窗3啊	0
好样的小伙子	1
这是何时的闻？新和心都丢没了～～	0
优秀的人做优秀的事	0
这毕竟是…西瓜都注水吗	0
这西瓜一定是个男孩儿👦🏻	0
呼叫王海	0
这是憋不住了	0
妈的这个标题还以为男的性冲动在呲水	0
爆炸呢？？？	0
男西瓜	0
@月亮铛铛滴 🍵元憋尿	0
拼夕夕商家常用伎俩，买一回垃圾袋你就知道了，标一百个，实得40。我数了。	0
实体店没人敢这么做，一经举报会罚很多钱。	0
陕西宝鸡最近的新闻真多啊	1
这种东西还是买点牌子货吧	0
没事不要拼… 再便宜也不买	0
这么算下来也没便宜多少。	0
上次那个新闻，女子的男朋友不会唱红歌，认为是间谍报警了。	0
这活儿还是让专业人士干吧！	0
电信诈骗远比间谍危害大，仅去年破获44多万起，抓获69多万人。多少人因诈返贫，请求关注	1
举报防疫那群人	0
人家来报道帮助我们 你让我们举报他 不是你有病就是我傻	0
记住12339	0
好的	0
间谍就在防疫部呢，九不准都不听，防疫只会一刀切，不查查？	0
言传身教，保护自然，爱护环境！	0
言传身教	0
平凡处见不平凡	0
优秀家长天花板	0
言传身教	0
#兰州警方通报七里河事件##兰州七里河通报#	0
言传身教，很棒	0
#兰州警方通报七里河事件##兰州七里河通报#	0
注意安全了要	0
很好	0
一定要请人保护起来	0
注意安全啊	0
看显微镜看的眼睛有点不对焦。。	0
小飞侠还会继续举报吗	0
注意安全啊	0
发展在中国🇨🇳	0
@代号H365：小米笔记本！年轻人的第一台教训	0
你这是在宣扬什么？没有新闻可以不发。	0
初二了自己还不会洗？	0
说真的，这老师在感动自己吧，我还以为是二年级的孩子呢，仔细一看是初二，初二连洗衣机都不会用以后都成巨婴了	0
没得发可以不发	0
我的关注点却是，一样的校服，怎么区分谁是谁的	0
现在寄宿的小学生都自己洗衣服了	0
无语，在宣扬什么呢？？？	0
洗衣机什么时候发明的？	0
正能量？	0
你看看你发的什么勾8新闻	0
有洗衣机就好	0
录下来发给记者？	0
看见评论我就放心了	0
没必要自我感动	0
老师被绑架了就眨眨眼	0
好老师	0
洗了就洗了大了不必拍照发出来	0
到也不必如此	0
洗衣机呢？	0
真的不提倡，我们让小孩上学就是为了他自立自强的	0
这种就是自我牺牲自我感动的行为，并不值得宣扬	0
没什么发的话我建议你关注一下疫情	0
一边宣传中小学要劳动教育一边宣传这种，你们自己不矛盾么hhh	0
？	0
这么勤劳给学生洗脚得了，反正新闻中国人表达爱意不就是洗脚吗	0
洗衣服也不能解决想家的问题吧	0
说一句歪风邪气不知道会不会被批斗	0
笑死 这么大个人不洗衣服 。还说女性独立。自主独立。这是告诉你只管读书工作。你父母妻子他们就应该把家务做完？？	0
@代号H365：小米笔记本！年轻人的第一台教训	0
啥年代了，谁还发朋友圈，现在朋友圈里都是营销贴，都不发不看朋友圈N年了	0
转发微博	0
那除了工作内容、风景和广告外，额。。。我是挺无趣的。	1
现在的人乱用朋友 什么是朋友 很多人没真朋友 所以就要小心假朋友圈	0
我啥都不发~	0
什么叫朋友圈	0
最安全的国	0
4无所谓，诈骗电话打过来都是直接报我身份证号的，信息早泄露了。	0
所以她拍这种视频的目的是什么？	0
光输液开车的话不会被罚吧，罚的是开车玩手机	0
拍短视频魔怔了	0
媛吗	0
留下来的收益了！	0
人连夜徒步逃走完了 招不来廉价劳动力了	0
我现在偷渡过去，能马上上班吗	0
要我不？有火车到站吗？没有我想走着去	0
还招人不？	0
来上海招。躺平派和共存派会自费去上班。	1
加上工资，一个月2W	0
放开的话，就这个后果，招工难，富士康现在接苹果的活，敢加钱，这批苹果手机做完呢，加不起钱了，还有多少人愿意为了一个月几千块和阳性混着打螺丝	0
说明人跑得不少	0
开绿色通道，我们去支援	0
提高透明度	0
👍	0
入坑不到一年	0
最喜欢生椰拿铁！	0
还在呀！	0
感谢瑞幸每天的陪伴	0
每一天都要来一杯瑞幸咖啡	0
跟瑞幸一起分享幸运时刻	0
最爱的咖啡就是瑞幸	0
瑞幸咖啡口感蛮好的	1
咖啡提神醒脑，深得年轻人喜爱	0
经常喝瑞幸咖啡啊，最爱了	0
比星巴克好喝太多了	0
瑞幸咖啡现在做的越来越好了	0
希望瑞幸越来越棒，继续加油了	0
